date,house,n,method,tipo,prob,p1,p2,p3,p4,p5,p6,p7,p8,p9,p10,p11,p12,p13,p14,p15,p16,p17,p18,p19,p20,p21,p22,p23,p24,p25,p26,p27,p28,p29,p30,p31,p32,p33,p34,p35,p36,p37,p38,p39,p40,p41,p42,p43,p44,p45,ptotal,nsnr,total,pregunta
23/05/2018,Criteria Research,1573,online,abierta,0,2.00,,14.00,1.00,,,,16.00,1.00,,,,,,5.00,,3.00,5.00,2.00,,,,,,,,,,5.00,,,,,,,,,,,,,,,,,54.00,,54.00,"Pensando en el futuro, ¿quién te gustaría que fuera el próximo presidente o presidenta de Chile después de Sebastián Piñera? (ÚNICA MENCIÓN EN PREGUNTA ABIERTA)"
28/06/2018,Criteria Research,927,online,abierta,0,2.00,,10.00,2.00,,,,16.00,4.00,,,,,,8.00,,6.00,6.00,4.00,,,,,,,,,,7.00,,,,,,,,,,,,,,,,,65.00,,65.00,"Pensando en el futuro, ¿quién te gustaría que fuera el próximo presidente o presidenta de Chile después de Sebastián Piñera? (ÚNICA MENCIÓN EN PREGUNTA ABIERTA)"
30/07/2018,Criteria Research,800,online,abierta,0,6.00,,7.00,5.00,,,,20.00,7.00,,,,,,5.00,,4.00,6.00,4.00,,,,,,,,,,5.00,,,,,,,,,,,,,,,,,69.00,,69.00,"Pensando en el futuro, ¿quién te gustaría que fuera el próximo presidente o presidenta de Chile después de Sebastián Piñera? (ÚNICA MENCIÓN EN PREGUNTA ABIERTA)"
31/08/2018,Criteria Research,800,online,abierta,0,5.00,,7.00,3.00,,,,14.00,3.00,,,,,,5.00,,3.00,4.00,2.00,,,,,,,,,,4.00,,,,,,,,,,,,,,,,,50.00,,50.00,"Pensando en el futuro, ¿quién te gustaría que fuera el próximo presidente o presidenta de Chile después de Sebastián Piñera? (ÚNICA MENCIÓN EN PREGUNTA ABIERTA)"
02/10/2018,Criteria Research,752,online,abierta,0,4.00,3.00,9.00,2.00,,,,10.00,1.00,,,,,,6.00,,3.00,3.00,3.00,,,,,,,,,,5.00,,,,,,,,,,,,,,,,,49.00,,49.00,"Pensando en el futuro, ¿quién te gustaría que fuera el próximo presidente o presidenta de Chile después de Sebastián Piñera? (ÚNICA MENCIÓN EN PREGUNTA ABIERTA)"
03/11/2018,Criteria Research,800,online,abierta,0,3.00,2.00,8.00,4.00,,,,11.00,4.00,2.00,,,,,5.00,,2.00,3.00,3.00,,,,,,,,,,2.00,,,,,,,,,,,,,,,,,49.00,,49.00,"Pensando en el futuro, ¿quién te gustaría que fuera el próximo presidente o presidenta de Chile después de Sebastián Piñera? (ÚNICA MENCIÓN EN PREGUNTA ABIERTA)"
30/11/2018,Criteria Research,800,online,abierta,0,5.00,4.00,8.00,2.00,,,,12.00,3.00,,,,,,4.00,,3.00,5.00,2.00,,,,,,,,,,3.00,,,,,,,,,,,,,,,,,51.00,,51.00,"Pensando en el futuro, ¿quién te gustaría que fuera el próximo presidente o presidenta de Chile después de Sebastián Piñera? (ÚNICA MENCIÓN EN PREGUNTA ABIERTA)"
28/12/2018,Criteria Research,800,online,abierta,0,6.00,4.00,12.00,3.00,,,,10.00,3.00,,,,,,5.00,,2.00,2.00,2.00,,,2.00,,,,,,,4.00,,,,,,,,,,,,,,,,,55.00,28.00,83.00,"Pensando en el futuro, ¿quién te gustaría que fuera el próximo presidente o presidenta de Chile después de Sebastián Piñera? (ÚNICA MENCIÓN EN PREGUNTA ABIERTA)"
11/01/2019,Cadem,704,phone,abierta,0,6.00,3.00,7.00,1.00,,,,11.00,6.00,1.00,,,,,3.00,,1.00,1.00,2.00,,,,,,,,,,,,,,,,,,,,,,,,,,,42.00,49.00,91.00,"Con excepción del Presidente Piñera, ¿Quién le gustaría a Ud. que fuera la o el próximo presidente/a de Chile?"
31/01/2019,Activa Research,1001,online,abierta,0,7.90,1.00,6.40,,0.50,0.90,,12.10,9.90,0.60,2.50,,,,1.80,,2.20,2.40,1.30,,,1.70,1.30,,,,,,5.70,,,,,,,,,,,,,,,,,58.20,28.70,86.90,"Pensando en el futuro ¿Quién preferirías que sea el próximo presidente de Chile, excluyendo a Sebastián Piñera?"
31/01/2019,Criteria Research,800,online,abierta,0,8.00,3.00,10.00,2.00,,,,12.00,3.00,,,,,,4.00,,3.00,2.00,,,,3.00,,,,,,,5.00,,,,,,,,,,,,,,,,,55.00,28.00,83.00,"Pensando en el futuro, ¿quién te gustaría que fuera el próximo presidente o presidenta de Chile después de Sebastián Piñera? (ÚNICA MENCIÓN EN PREGUNTA ABIERTA)"
28/02/2019,Criteria Research,801,phone,abierta,0,9.00,3.00,11.00,3.00,,,,12.00,4.00,,,,,,6.00,,2.00,4.00,,,,3.00,,,,,,,5.00,,,,,,,,,,,,,,,,,62.00,19.00,81.00,"Pensando en el futuro, ¿quién te gustaría que fuera el próximo presidente o presidenta de Chile después de Sebastián Piñera? (ÚNICA MENCIÓN EN PREGUNTA ABIERTA)"
01/03/2019,Activa Research,1001,online,abierta,0,6.80,2.60,9.10,2.30,0.00,0.40,,14.60,6.90,0.70,3.00,,,,2.60,,5.60,1.80,1.70,,,0.90,0.60,,,,,,3.60,,,,,,,,,,,,,,,,,63.20,22.90,86.10,"Pensando en el futuro ¿Quién preferirías que sea el próximo presidente de Chile, excluyendo a Sebastián Piñera?"
31/03/2019,Activa Research,1015,online,abierta,0,8.30,2.10,5.80,1.30,0.10,0.20,,13.00,7.90,0.60,1.70,,,,3.30,,2.90,2.40,3.20,,,1.20,0.30,,,,,,4.40,,,,,1.50,,,,,,,,,,,,60.20,24.80,85.00,"Pensando en el futuro ¿Quién preferirías que sea el próximo presidente de Chile, excluyendo a Sebastián Piñera?"
31/03/2019,Criteria Research,899,online,abierta,0,9.00,3.00,10.00,2.00,,,,12.00,6.00,,,,,,5.00,,,,3.00,,,3.00,,,,,,,8.00,,,,,,,,,,,,,,,,,61.00,21.00,82.00,"Pensando en el futuro, ¿quién te gustaría que fuera el próximo presidente o presidenta de Chile después de Sebastián Piñera? (ÚNICA MENCIÓN EN PREGUNTA ABIERTA)"
28/04/2019,Criteria Research,830,online,abierta,0,10.00,5.00,10.00,2.00,,,,12.00,5.00,,,,,,5.00,,3.00,3.00,,,,,,,,,,,5.00,,,,,,,,,,,,,,,,,60.00,21.00,81.00,"Pensando en el futuro, ¿quién te gustaría que fuera el próximo presidente o presidenta de Chile después de Sebastián Piñera? (ÚNICA MENCIÓN EN PREGUNTA ABIERTA)"
02/05/2019,Activa Research,1039,online,abierta,0,7.50,2.20,11.20,1.70,0.30,0.50,,11.10,8.50,1.20,3.10,,,,3.90,,4.00,3.00,1.40,,,0.60,0.10,,,,,,3.90,,,,,1.80,,,,,,,,,,,,66.00,22.90,88.90,"Pensando en el futuro ¿Quién preferirías que sea el próximo presidente de Chile, excluyendo a Sebastián Piñera?"
31/05/2019,Activa Research,1039,online,abierta,0,10.60,2.60,8.10,3.20,0.00,0.40,,10.80,8.20,0.50,3.00,,,,2.70,,2.00,3.20,2.50,,,0.60,0.80,,,,,,5.40,,,,,1.50,,,,,,,,,,,,66.10,22.70,88.80,"Pensando en el futuro ¿Quién preferirías que sea el próximo presidente de Chile, excluyendo a Sebastián Piñera?"
03/06/2019,Criteria Research,803,online,abierta,0,11.00,6.00,9.00,2.00,,,,13.00,5.00,,,,,,5.00,,2.00,3.00,,,,,,,,,,,4.00,,,,,,,,,,,,,,,,,60.00,18.00,78.00,"Pensando en el futuro, ¿quién te gustaría que fuera el próximo presidente o presidenta de Chile después de Sebastián Piñera? (ÚNICA MENCIÓN EN PREGUNTA ABIERTA)"
24/06/2019,Criteria Research,804,online,abierta,0,17.00,6.00,11.00,2.00,,,,10.00,5.00,,,,,,4.00,,2.00,2.00,3.00,,,,,,,,,,3.00,,,,,,,,,,,,,,,,,65.00,18.00,83.00,"Pensando en el futuro, ¿quién te gustaría que fuera el próximo presidente o presidenta de Chile después de Sebastián Piñera? (ÚNICA MENCIÓN EN PREGUNTA ABIERTA)"
01/07/2019,Activa Research,1005,online,abierta,0,11.40,5.00,7.60,1.10,0.00,0.90,,14.30,7.90,0.80,0.80,,,,3.70,,3.00,2.00,3.20,,,0.30,0.00,,,,,,2.50,,,,,,,,,,,,,,,,,64.50,23.50,88.00,"Pensando en el futuro ¿Quién preferirías que sea el próximo presidente de Chile, excluyendo a Sebastián Piñera?"
12/07/2019,Cadem,710,phone,abierta,0,9.00,3.00,5.00,1.00,,,,8.00,5.00,1.00,,,,,2.00,,,,1.00,,,,1.00,,,,,,,,,,,,,,,,,,,,,,,36.00,50.00,86.00,"Con excepción del Presidente Piñera, ¿Quién le gustaría a Ud. que fuera la o el próximo presidente/a de Chile?"
25/07/2019,Activa Research,1017,online,abierta,0,17.80,3.00,5.10,1.30,,1.00,,10.30,7.00,0.30,1.80,,,,3.40,,2.40,2.10,3.60,,,0.70,0.40,,,,,,2.70,,,,,,,,,,,,,,,,,62.90,25.10,88.00,"Pensando en el futuro ¿Quién preferirías que sea el próximo presidente de Chile, excluyendo a Sebastián Piñera?"
29/07/2019,Criteria Research,795,online,abierta,0,16.00,6.00,10.00,2.00,,,,11.00,5.00,,,,,,4.00,,2.00,2.00,4.00,,,,,,,,,,5.00,,,,,,,,,,,,,,,,,67.00,14.00,81.00,"Pensando en el futuro, ¿quién te gustaría que fuera el próximo presidente o presidenta de Chile después de Sebastián Piñera? (ÚNICA MENCIÓN EN PREGUNTA ABIERTA)"
29/08/2019,Activa Research,1030,online,abierta,0,16.90,4.50,7.00,1.30,,0.70,,9.00,7.20,0.30,3.20,,,,4.90,,1.60,2.60,1.90,,,1.00,0.70,,,,,,2.80,,,,,,,,,,,,,,,,,65.60,24.40,90.00,"Pensando en el futuro ¿Quién preferirías que sea el próximo presidente de Chile, excluyendo a Sebastián Piñera?"
30/08/2019,Criteria Research,907,online,abierta,0,16.00,5.00,12.00,3.00,,,,8.00,2.00,,,,,,5.00,,3.00,2.00,2.00,,,,2.00,,,,,,3.00,,,,,,,,,,,,,,,,,63.00,20.00,83.00,"Pensando en el futuro, ¿quién te gustaría que fuera el próximo presidente o presidenta de Chile después de Sebastián Piñera? (ÚNICA MENCIÓN EN PREGUNTA ABIERTA)"
25/09/2019,Activa Research,1061,online,abierta,0,11.70,4.90,6.80,0.60,0.10,0.00,,13.50,7.20,0.20,2.20,,,,1.60,,1.30,1.90,1.20,,,2.40,0.40,,,,0.10,,2.40,,,,,,,,,,,,,,,,,58.50,27.80,86.30,"Pensando en el futuro ¿Quién preferirías que sea el próximo presidente de Chile, excluyendo a Sebastián Piñera?"
30/09/2019,Criteria Research,827,online,abierta,0,17.00,4.00,12.00,2.00,,,,14.00,6.00,,,,,,4.00,,3.00,2.00,3.00,,,,,,,,,,5.00,,,,,,,,,,,,,,,,,72.00,8.00,80.00,"Pensando en el futuro, ¿quién te gustaría que fuera el próximo presidente o presidenta de Chile después de Sebastián Piñera? (ÚNICA MENCIÓN EN PREGUNTA ABIERTA)"
11/10/2019,Cadem,706,phone,abierta,0,11.00,3.00,5.00,,,,,6.00,5.00,1.00,,1.00,,,2.00,,,,2.00,,,,,,,,,,,,,,,,,,,,,,,,,,,36.00,52.00,88.00,"Con excepción del Presidente Piñera, ¿Quién le gustaría a Ud. que fuera la o el próximo presidente/a de Chile?"
29/10/2019,Criteria Research,1005,online,abierta,0,14.00,5.00,9.00,2.00,1.00,1.00,,10.00,,2.00,2.00,2.00,,,3.00,,,2.00,3.00,,,,,,,,,,,2.00,,,,,,,,,,,,,,,,58.00,25.00,83.00,"Pensando en el futuro, ¿quién te gustaría que fuera el próximo presidente o presidenta de Chile después de Sebastián Piñera? (ÚNICA MENCIÓN EN PREGUNTA ABIERTA)"
30/10/2019,Activa Research,1304,online,abierta,0,10.00,3.30,5.80,0.70,0.20,0.70,,12.40,6.60,2.40,3.90,,,,1.80,,2.00,1.90,3.20,0.00,,0.60,1.10,,,,,,,,,,,,,,,,,,,,,,,56.60,29.10,85.70,"Pensando en el futuro ¿Quién preferirías que sea el próximo presidente de Chile, excluyendo a Sebastián Piñera?"
30/10/2019,Cadem,708,phone,abierta,0,6.00,3.00,2.00,,,1.00,,5.00,2.00,1.00,,,,,3.00,,,,1.00,,,,1.00,,,,,,,1.00,,,,,,,,,,,,,,,,26.00,57.00,83.00,"Con excepción del Presidente Piñera, ¿Quién le gustaría a Ud. que fuera la o el próximo presidente/a de Chile?"
26/11/2019,Activa Research,1159,online,abierta,0,7.80,3.30,7.00,0.40,0.40,9.90,,8.60,3.70,1.30,3.10,,,,0.40,,0.40,2.80,3.40,,,0.40,2.20,,,0.30,,,,,,,,,,,,,,,,,,,,55.40,33.60,89.00,"Pensando en el futuro ¿Quién preferirías que sea el próximo presidente de Chile, excluyendo a Sebastián Piñera?"
26/11/2019,Criteria Research,1014,online,abierta,0,8.00,7.00,8.00,,1.00,8.00,,8.00,2.00,2.00,2.00,1.00,,,4.00,,,2.00,4.00,,,,3.00,,,,,,,,,,,,,,,,,,,,,,,60.00,25.00,85.00,"Pensando en el futuro, ¿quién te gustaría que fuera el próximo presidente o presidenta de Chile después de Sebastián Piñera? (ÚNICA MENCIÓN EN PREGUNTA ABIERTA)"
29/11/2019,Cadem,708,phone,abierta,0,6.00,2.00,2.00,,,5.00,,4.00,2.00,1.00,1.00,1.00,,,2.00,,,,1.00,,,,2.00,,,,,,,,,,,,,,,,,,,,,,,29.00,58.00,87.00,"Con excepción del Presidente Piñera, ¿Quién le gustaría a Ud. que fuera la o el próximo presidente/a de Chile?"
20/12/2019,Cadem,702,phone,abierta,0,5.00,3.00,5.00,,,5.00,,3.00,1.00,,1.00,1.00,1.00,,2.00,,,,1.00,,,,,,,,,,,,,,,,,,,,,,,,,,,28.00,59.00,87.00,"Con excepción del Presidente Piñera, ¿Quién le gustaría a Ud. que fuera la o el próximo presidente/a de Chile?"
26/12/2019,Activa Research,1030,online,abierta,0,12.10,6.30,6.70,0.50,0.60,7.50,,5.20,2.70,2.80,2.60,,,,0.50,,2.10,0.30,2.70,0.10,,0.00,2.20,,,0.10,,,,,,,,,,,,,,,,,,,,55.00,31.10,86.10,"Pensando en el futuro ¿Quién preferirías que sea el próximo presidente de Chile, excluyendo a Sebastián Piñera?"
30/12/2019,Criteria Research,951,online,abierta,0,14.00,6.00,9.00,,2.00,9.00,,8.00,4.00,,2.00,2.00,,,3.00,,,2.00,3.00,,,,,,,,,,,,,,,,,,,,,,,,,,,64.00,15.00,79.00,"Pensando en el futuro, ¿quién te gustaría que fuera el próximo presidente o presidenta de Chile después de Sebastián Piñera? (ÚNICA MENCIÓN EN PREGUNTA ABIERTA)"
16/01/2020,Activa Research,950,online,abierta,0,8.90,4.80,3.90,0.60,1.10,11.60,,5.20,4.20,0.40,2.10,,,,1.40,,1.10,5.10,1.10,,,0.40,2.20,,,0.30,0.10,,,,,,,,,,,,,,,,,,,54.50,34.50,89.00,"Pensando en el futuro ¿Quién preferirías que sea el próximo presidente de Chile, excluyendo a Sebastián Piñera?"
17/01/2020,Cadem,709,phone,abierta,0,4.00,3.00,3.00,,,3.00,,3.00,2.00,,,1.00,,,2.00,,,,1.00,,,,,,,,,,,,,,,,,,,,,,,,,,,22.00,63.00,85.00,"Con excepción del Presidente Piñera, ¿Quién le gustaría a Ud. que fuera la o el próximo presidente/a de Chile?"
28/01/2020,Criteria Research,806,online,abierta,0,14.00,6.00,8.00,1.00,,8.00,,7.00,2.00,2.00,2.00,,,,3.00,,2.00,2.00,2.00,,,,2.00,,,,,2.00,,,2.00,,,,,,,,,,,,,,,65.00,24.00,89.00,"Pensando en el futuro, ¿quién te gustaría que fuera el próximo presidente o presidenta de Chile después de Sebastián Piñera? (ÚNICA MENCIÓN EN PREGUNTA ABIERTA)"
30/01/2020,Activa Research,975,online,abierta,0,15.30,5.40,6.10,0.20,0.80,9.90,,5.90,2.80,1.10,5.60,,,,1.70,,1.60,1.80,1.80,,,0.10,1.10,,,0.40,,,,,,,,,,,,,,,,,,,,61.60,29.00,90.60,"Pensando en el futuro ¿Quién preferirías que sea el próximo presidente de Chile, excluyendo a Sebastián Piñera?"
13/02/2020,Activa Research,1045,online,abierta,0,16.10,2.30,4.50,0.40,0.50,6.40,,4.60,5.80,0.40,3.10,,,,0.60,,1.60,1.80,2.40,,,0.70,1.80,,,0.00,,,,,,,,,,,,,,,,,,,,53.00,37.70,90.70,"Pensando en el futuro ¿Quién preferirías que sea el próximo presidente de Chile, excluyendo a Sebastián Piñera?"
14/02/2020,Cadem,705,phone,abierta,0,4.00,3.00,4.00,,,4.00,,2.00,2.00,1.00,,1.00,,,2.00,,,,2.00,,,,,,,,,,,,,,,,,,,,,,,,,,,25.00,62.00,87.00,"Con excepción del Presidente Piñera, ¿Quién le gustaría a Ud. que fuera la o el próximo presidente/a de Chile?"
18/02/2020,Data Influye,1445,online,abierta,0,15.00,14.00,3.00,,7.00,5.00,,6.00,,4.00,7.00,8.00,4.00,,2.00,,2.00,6.00,2.00,,,2.00,4.00,,,,,2.00,,2.00,2.00,,,,,,,,,,,,,,,97.00,,97.00,¿Cuál para Ud. debieran ser las tres primeras mayorías presidenciales en el Chile del 2021?
28/02/2020,Activa Research,1043,online,abierta,0,13.60,3.90,2.30,0.90,0.30,8.20,,5.70,4.00,0.50,2.90,,,,1.30,,0.90,1.60,1.90,,,0.30,,,,0.00,0.00,,,,,,,,,,,,,,,,,,,48.30,38.30,86.60,"¿Quién preferirías que sea el próximo presidente de Chile, excluyendo a Sebastián Piñera? "
29/02/2020,Criteria Research,796,online,abierta,0,15.00,6.00,10.00,1.00,,7.00,,6.00,5.00,2.00,,2.00,,,3.00,,,3.00,1.00,,,,,,,,,,,,,,,,,,,,,,,,,,,61.00,18.00,79.00,"Pensando en el futuro, ¿quién te gustaría que fuera el próximo presidente o presidenta de Chile después de Sebastián Piñera? (ÚNICA MENCIÓN EN PREGUNTA ABIERTA)"
12/03/2020,Activa Research,1135,online,abierta,0,13.80,3.10,4.70,0.90,0.60,7.90,,6.30,3.80,0.50,7.40,,,,0.60,,0.60,1.60,1.80,,,0.30,,,,0.00,0.10,,,,,,,,,,,,,,,,,,,54.00,34.20,88.20,"¿Quién preferirías que sea el próximo presidente de Chile, excluyendo a Sebastián Piñera? "
13/03/2020,Cadem,702,phone,abierta,0,7.00,4.00,3.00,,,3.00,,2.00,2.00,1.00,,1.00,1.00,,1.00,,,,1.00,,,,,,,,,,,,,,,,,,,,,,,,,,,26.00,64.00,90.00,"Con excepción del Presidente Piñera, ¿Quién le gustaría a Ud. que fuera la o el próximo presidente/a de Chile?"
16/03/2020,Data Influye,1273,online,abierta,1,16.00,13.00,4.00,2.00,7.00,5.00,,8.00,,3.00,9.00,5.00,4.00,,2.00,,2.00,5.00,2.00,,,2.00,4.00,,,,,2.00,,,2.00,1.00,2.00,,,,,,,,,,,,,100.00,,100.00,¿Cuál para Ud. debieran ser las tres primeras mayorías presidenciales en el Chile del 2021?
27/03/2020,Activa Research,1230,online,abierta,0,11.50,4.50,5.70,0.40,1.30,8.20,,4.40,3.70,0.70,2.10,,,0.20,1.10,,1.10,1.70,0.20,0.30,,0.70,,,,0.70,,,,,,,,,,,,,,,,,,,,48.50,37.30,85.80,"Pensando en el futuro ¿Quién preferirías que sea el próximo presidente de Chile, excluyendo a Sebastián Piñera?"
30/03/2020,Criteria Research,800,online,abierta,0,18.00,9.00,8.00,1.00,2.00,6.00,,8.00,2.00,,,,,,3.00,,,3.00,2.00,,,,2.00,,,,,,,,,,,,,,,,,,,,,,,64.00,18.00,82.00,"Pensando en el futuro, ¿quién te gustaría que fuera el próximo presidente o presidenta de Chile después de Sebastián Piñera? (ÚNICA MENCIÓN EN PREGUNTA ABIERTA)"
09/04/2020,Cadem,709,phone,abierta,0,10.00,3.00,3.00,,,2.00,,2.00,3.00,1.00,,1.00,,,1.00,,,,0.00,,,,,,,,,,,,,,,,,,,,,,,,,,,26.00,64.00,90.00,"Con excepción del Presidente Piñera, ¿Quién le gustaría a Ud. que fuera la o el próximo presidente/a de Chile?"
15/04/2020,Activa Research,1270,online,abierta,0,18.90,5.60,3.30,0.50,0.70,6.20,0.10,2.80,4.20,0.70,2.60,,,0.10,0.50,,2.10,1.10,0.80,0.00,,1.10,,,,0.40,1.70,,,,,,,,,,,,,,,,,,,53.40,36.10,89.50,"Pensando en el futuro ¿Quién preferirías que sea el próximo presidente de Chile, excluyendo a Sebastián Piñera?"
28/04/2020,Activa Research,1227,online,abierta,0,19.80,5.90,2.40,1.7,1.30,5.40,0.00,3.70,3.00,0.3,3.10,,,0.10,1.50,,1.10,1.20,1.60,0.30,,1.00,,,,0.50,,,,,,,,,,,,,,,,,,,,53.90,33.60,87.50,"Pensando en el futuro ¿Quién preferirías que sea el próximo presidente de Chile, excluyendo a Sebastián Piñera?"
04/05/2020,Criteria Research,800,online,abierta,0,18.00,7.00,8.00,2.00,,6.00,,6.00,2.00,,,,,,2.00,,,,2.00,,,3.00,,,,,,,,,,,,,,,,,,,,,,,,56.00,17.00,73.00,"Pensando en el futuro, ¿quién te gustaría que fuera el próximo presidente o presidenta de Chile después de Sebastián Piñera? (ÚNICA MENCIÓN EN PREGUNTA ABIERTA)"
12/05/2020,Activa Research,1209,online,abierta,0,15.80,4.50,4.50,0.40,0.40,10.80,0.40,3.50,5.00,1.00,2.20,,,0.70,0.50,,2.20,1.70,0.80,0.60,,1.00,,,,0.40,,,,,,,,,,,,,,,,,,,,56.40,40.30,96.70,"Pensando en el futuro ¿Quién preferirías que sea el próximo presidente de Chile, excluyendo a Sebastián Piñera?"
14/05/2020,Cadem,706,phone,abierta,0,7.00,3.00,2.00,,,2.00,,3.00,2.00,0.00,,1.00,,,1.00,,,,1.00,,,,,,,,,,,,,,,,,,,,,,,,,,,22.00,66.00,88.00,
30/05/2020,Activa Research,1215,online,abierta,0,17.30,3.30,3.40,2.20,0.80,5.50,,4.20,5.30,0.10,1.90,,,0.60,2.10,,1.90,2.10,0.80,0.70,,1.50,,,,0.30,,,,,,,,,,,,,,,,,,,,54.00,31.40,85.40,"Pensando en el futuro ¿Quién preferirías que sea el próximo presidente de Chile, excluyendo a Sebastián Piñera?"
31/05/2020,Criteria Research,800,online,abierta,0,16.00,8.00,7.00,4.00,,5.00,,6.00,2.00,,,2.00,,3.00,3.00,,,,2.00,,,,2.00,,,,,,,,,,,,,,,,,,,,,,,60.00,18.00,78.00,"Pensando en el futuro, ¿quién te gustaría que fuera el próximo presidente o presidenta de Chile después de Sebastián Piñera? (ÚNICA MENCIÓN EN PREGUNTA ABIERTA)"
12/06/2020,Cadem,705,phone,abierta,0,6.00,3.00,2.00,,,1.00,,2.00,2.00,1.00,,1.00,,1.00,1.00,,,,1.00,,,,,,,,,,,,,,,,,,,,,,,,,,,21.00,67.00,88.00,
13/06/2020,Activa Research,1730,online,abierta,0,16.30,5.40,4.10,1.60,0.30,3.80,2.20,3.70,5.00,0.60,1.40,,,2.80,,,1.20,1.70,1.20,1.00,,,,,,1.60,,,,,,,,,,,,,,,,,,,,53.90,30.20,84.10,"Pensando en el futuro ¿Quién preferirías que sea el próximo presidente de Chile, excluyendo a Sebastián Piñera?"
21/06/2020,Data Influye,1961,online,abierta,0,12.00,9.00,4.00,3.00,1.00,4.00,2.00,3.00,3.00,1.00,2.00,1.00,,8.00,1.00,,,1.00,2.00,2.00,,2.00,,,,1.00,,,,,,,,,,,,,,,,,,,,62.00,20.00,82.00,"Pensando en la elección presidencial del próximo año, ¿quién le gustaría que fuese la o él presidente de Chile el 2021, excluyendo a Sebastián Piñera? Mención espontánea. "
28/06/2020,Activa Research,1260,online,abierta,0,12.60,9.20,3.80,1.40,0.40,5.60,2.00,5.20,4.10,0.40,5.50,,,1.90,,,1.30,3.30,2.60,0.80,,,,,,,,,,,,,,,,,,,,,,,,,,60.10,24.70,84.80,"Pensando en el futuro ¿Quién preferirías que sea el próximo presidente de Chile, excluyendo a Sebastián Piñera?"
30/06/2020,Criteria Research,800,online,abierta,0,12.00,12.00,8.00,2.00,2.00,5.00,3.00,7.00,1.00,,3.00,,2.00,4.00,,,2.00,2.00,,,,,,,,,,,,,,,,,,,,,,,,,,,,65.00,16.00,81.00,"Pensando en el futuro, ¿quién te gustaría que fuera el próximo presidente o presidenta de Chile después de Sebastián Piñera? (ÚNICA MENCIÓN EN PREGUNTA ABIERTA)"
10/07/2020,Cadem,704,phone,abierta,0,7.00,6.00,2.00,,,2.00,1.00,1.00,2.00,,,1.00,,1.00,1.00,,,,1.00,,,,,,,,,,,,,,,,,,,,,,,,,,,25.00,61.00,86.00,
11/07/2020,Activa Research,1340,online,abierta,0,13.30,6.70,2.70,0.70,3.00,5.00,2.30,3.30,4.30,0.40,6.70,,,2.80,,,2.10,1.00,,0.90,,,,,,,,,,,,,,,,,,,,,,,,,,55.20,23.70,78.90,"Pensando en el futuro ¿Quién preferirías que sea el próximo presidente de Chile, excluyendo a Sebastián Piñera?"
26/07/2020,Data Influye,2034,online,abierta,0,14.00,15.00,5.00,2.00,3.00,5.00,2.00,3.00,3.00,1.00,2.00,1.00,,3.00,1.00,,1.00,2.00,1.00,2.00,,1.00,,,,,,,,,,,,,,,,,,,,,,,,67.00,20.00,87.00,"Pensando en el futuro ¿Quién preferirías que sea el próximo presidente de Chile, excluyendo a Sebastián Piñera?"
31/07/2020,Criteria Research,800,online,abierta,0,13.00,12.00,6.00,2.00,2.00,5.00,2.00,6.00,2.00,,2.00,,2.00,,,,2.00,3.00,,2.00,,,,,,,,,,,,,,,,,,,,,,,,,,61.00,23.00,84.00,"Pensando en el futuro, ¿quién te gustaría que fuera el próximo presidente o presidenta de Chile después de Sebastián Piñera? (ÚNICA MENCIÓN EN PREGUNTA ABIERTA)"
01/08/2020,Activa Research,1430,online,abierta,0,17.50,11.30,2.80,0.50,1.60,5.70,1.20,2.30,3.30,0.70,1.80,,,,,,1.90,1.60,,2.00,,,,,,,,,,,,,,,,,,,,,,,,,,54.20,27.20,81.40,"Pensando en el futuro ¿Quién preferirías que sea el próximo presidente de Chile, excluyendo a Sebastián Piñera?"
13/08/2020,Cadem,703,phone,abierta,0,8.00,7.00,3.00,,,1.00,1.00,2.00,2.00,2.00,,1.00,,1.00,1.00,,,,1.00,2.00,,,,,,,,,,,,,,,,,,,,,,,,,,32.00,56.00,88.00,
15/08/2020,Activa Research,1434,online,abierta,0,15.10,10.40,5.20,1.90,1.90,3.40,1.50,2.30,2.60,2.4,3.50,,,,,,,2.00,,,,,,,,,,,,,,,,,,,,,,,,,,,,52.20,27.20,79.40,"Pensando en el futuro ¿Quién preferirías que sea el próximo presidente de Chile, excluyendo a Sebastián Piñera?"
24/08/2020,Data Influye,1940,online,abierta,0,13.30,15.70,5.30,1.80,3.30,3.40,2.60,3.10,1.50,1.70,1.60,,1.30,2.70,,,1.90,1.90,1.00,2.50,,,,,1.70,,,,,,,,,,,,,,,,,,,,,66.30,12.90,79.20,"Pensando en la elección presidencial del próximo año, ¿quién le gustaría que fuese la o él presidente de Chile el 2021, excluyendo a Sebastián Piñera?"
29/08/2020,Activa Research,1544,online,abierta,0,23.10,9.10,3.80,3.90,1.90,3.20,,2.60,1.90,2.80,3.40,,,,,,2.00,1.50,,2.20,,,,,,,,,,,,,,,,,,,,,,,,,,61.40,22.60,84.00,"Pensando en el futuro ¿Quién preferirías que sea el próximo presidente de Chile, excluyendo a Sebastián Piñera?"
31/08/2020,Criteria Research,986,online,abierta,0,15.00,16.00,7.00,8.00,3.00,4.00,2.00,5.00,2.00,,,,,,,,2.00,,,2.00,,,,,,,,,,,,,,,,,,,,,,,,,,66.00,16.30,82.30,"Pensando en el futuro, ¿quién te gustaría que fuera el próximo presidente o presidenta de Chile después de Sebastián Piñera?"
10/09/2020,Cadem,705,phone,abierta,0,7.00,8.00,3.00,5.00,,2.00,1.00,2.00,2.00,,,,,1.00,,,,,1.00,1.00,,,,,,,,,,,,,,,,,,,,,,,,,,33.00,59.00,92.00,"Con excepción del Presidente Piñera, ¿Quién le gustaría a Ud. que fuera la o el próximo presidente/a de Chile? %"
12/09/2020,Activa Research,1415,online,abierta,0,15.00,11.00,3.40,7.30,3.00,5.10,,3.50,2.00,2.40,3.40,,,,,,,1.60,,2.90,,,,,,,,,,,,,,,,,,,,,,,,,,60.60,21.20,81.80,"Pensando en el futuro ¿Quién preferirías que sea el próximo presidente de Chile, excluyendo a Sebastián Piñera?"
17/09/2020,Cadem,704,phone,abierta,0,7.00,7.00,4.00,7.00,,2.00,1.00,2.00,1.00,,,,,,1.00,,,,1.00,1.00,,,,,,,,,,,,,,,,,,,,,,,,,,34.00,58.00,92.00,"Con excepción del Presidente Piñera, ¿Quién le gustaría a Ud. que fuera la o el próximo presidente/a de Chile? %"
17/09/2020,Mori,1000,online,abierta,0,14.00,16.00,7.00,11.00,,,,8.00,,,,,,,,,3.00,,,,,,,,,,,,,,,,,,,,,,,,,,,,,59.00,29.00,88.00,¿SI LAS ELECCIONES PRESIDENCIALES FUERAN EL PRÓXIMO DOMINGO POR QUIÉN VOTARÍA?
25/09/2020,Cadem,702,phone,abierta,0,7.00,5.00,2.00,6.00,1.00,2.00,1.00,2.00,2.00,,,,,,,,,,1.00,1.00,,,1.00,,,,,,,,,,,,,,,,,,,,,,,31.00,60.00,91.00,"Con excepción del Presidente Piñera, ¿Quién le gustaría a Ud. que fuera la o el próximo presidente/a de Chile? %"
28/09/2020,Activa Research,1417,online,abierta,0,17.30,11.80,3.20,7.80,4.8,3.70,,3.00,1.80,2.60,2.00,1.50,,,,,2.20,,,,,,,,,,,,,,,,,,,,,,,,,,,,,61.70,20.00,81.70,"Pensando en el futuro ¿Quién preferirías que sea el próximo presidente de Chile, excluyendo a Sebastián Piñera?"
30/09/2020,Criteria Research,1503,online,abierta,0,18.00,17.00,6.00,8.00,3.00,3.00,,6.00,2.00,,,,,,,,,,,,,,,,,,,,,,,,,,,,,,,,,,,,,63.00,15.00,78.00,"Pensando en el futuro, ¿quién te gustaría que fuera el próximo presidente o presidenta de Chile después de Sebastián Piñera?"
02/10/2020,Cadem,705,phone,abierta,0,8.00,8.00,3.00,7.00,1.00,2.00,1.00,1.00,1.00,,,,,,1.00,,,,,,,,,,,,,,,,,,,,,,,,,,,,,,,33.00,58.00,91.00,"Con excepción del Presidente Piñera, ¿Quién le gustaría a Ud. que fuera la o el próximo presidente/a de Chile? %"
05/10/2020,Data Influye,2145,online,abierta,0,12.60,16.10,5.10,9.20,6.40,2.90,1.90,2.60,1.60,1.60,1.50,0.90,0.60,1.80,0.60,,1.50,1.20,0.70,1.10,,0.50,,,1.30,0.50,,,,,,,,,,,,,,,,,,,,72.20,13.30,85.50,"Pensando en la elección presidencial del próximo año, ¿quién le gustaría que fuese la o él presidente de Chile el 2021, excluyendo a Sebastián Piñera?"
08/10/2020,Cadem,703,phone,abierta,0,7.00,7.00,3.00,5.00,1.00,1.00,,1.00,1.00,1.00,,,,,1.00,,,,,,,,,,,,,,,,,,,,,,,,,,,,,,,28.00,65.00,93.00,"Con excepción del Presidente Piñera, ¿Quién le gustaría a Ud. que fuera la o el próximo presidente/a de Chile? %"
17/10/2020,Activa Research,1458,online,abierta,0,10.90,12.30,3.90,6.50,6.70,4.90,,3.70,1.80,2.20,4.10,,,,,,,,,,,,,,,,,,,,,,,,,,,,,,,,,,,57.00,14.20,71.20,"Pensando en el futuro ¿Quién preferirías que sea el próximo presidente de Chile, excluyendo a Sebastián Piñera?"
30/10/2020,Cadem,707,phone,abierta,0,6.00,6.00,3.00,4.00,2.00,2.00,,2.00,2.00,1.00,,2.00,,,1.00,,,,1.00,,,,,,,,,,,,,,,,,,,,,,,,,,,32.00,60.00,92.00,"Con excepción del Presidente Piñera, ¿Quién le gustaría a Ud. que fuera la o el próximo presidente/a de Chile? %"
31/10/2020,Activa Research,1016,online,abierta,0,11.60,10.80,5.00,6.30,5.20,3.20,,3.30,2.50,3.80,,2.40,,,,,2.70,1.50,,,,,,,,,,,,,,,,,,,,,,,,,,,,58.30,26.90,85.20,"Pensando en el futuro ¿Quién preferirías que sea el próximo presidente de Chile, excluyendo a Sebastián Piñera?"
31/10/2020,Activa Research,673,online,abierta,1,12.50,15.60,5.50,7.80,5.70,2.70,,3.80,1.90,1.30,,2.80,,,,,2.20,2.20,,,,,,,,,,,,,,,,,,,,,,,,,,,,64.00,13.90,77.90,"Pensando en el futuro ¿Quién preferirías que sea el próximo presidente de Chile, excluyendo a Sebastián Piñera?"
02/11/2020,Data Influye,2004,online,abierta,0,12.10,17.80,5.20,6.60,7.10,2.90,2.60,3.00,0.90,2.70,1.40,1.70,1.90,2.30,,,0.90,0.60,0.80,0.90,0.70,,,,0.70,,,,,,,,,,,,,,,,,,,,,72.80,11.10,83.90,"Pensando en la elección presidencial del próximo año, ¿quién le gustaría que fuese la o él presidente de Chile el 2021, excluyendo a Sebastián Piñera?"
03/11/2020,Criteria Research,1376,online,abierta,0,14.00,14.00,7.00,8.00,7.00,3.00,,5.00,2.00,2.00,2.00,2.00,2.00,,,,,,,,,,,,,,,,,,,,,,,,,,,,,,,,,68.00,14.00,82.00,"Pensando en el futuro, ¿quién te gustaría que fuera el próximo presidente o presidenta de Chile después de Sebastián Piñera? (ÚNICA MENCIÓN EN PREGUNTA ABIERTA)"
06/11/2020,Cadem,705,phone,abierta,0,6.00,6.00,4.00,4.00,1.00,2.00,1.00,1.00,2.00,1.00,,1.00,,1.00,,,,,,,,,,,,,,,,,,,,,,,,,,,,,,,,30.00,63.00,93.00,"Con excepción del Presidente Piñera, ¿Quién le gustaría a Ud. que fuera la o el próximo presidente/a de Chile? %"
13/11/2020,Cadem,706,phone,abierta,0,10.00,7.00,2.00,5.00,4.00,2.00,1.00,4.00,2.00,2.00,,3.00,,1.00,1.00,,,,,1.00,,,,,,,,,,,,,,,,,,,,,,,,,,45.00,43.00,88.00,"Con excepción del Presidente Piñera, ¿Quién le gustaría a Ud. que fuera la o el próximo presidente/a de Chile? %"
14/11/2020,Activa Research,1035,online,abierta,0,13.30,8.70,3.30,7.00,9.60,5.30,,,2.50,1.70,2.20,,,,,,,,,1.50,,,,,1.50,,,,,,,,,,,,,,,,,,,,,56.60,23.90,80.50,"Pensando en el futuro ¿Quién preferirías que sea el próximo presidente de Chile, excluyendo a Sebastián Piñera?"
14/11/2020,Activa Research,657,online,abierta,1,14.50,12.20,4.30,6.00,9.50,6.60,,,3.00,2.10,2.70,,,,,,,,,0.90,,,,,2.40,,,,,,,,,,,,,,,,,,,,,64.20,16.60,80.80,"Pensando en el futuro ¿Quién preferirías que sea el próximo presidente de Chile, excluyendo a Sebastián Piñera? "
28/11/2020,Activa Research,1177,online,abierta,0,12.30,9.90,2.70,5.70,12.70,1.50,,2.50,2.70,4.40,1.50,,,,,,,,,,,,,,,,1.50,,,,,,,,,,,,,,,,,,,57.40,26.40,83.80,"Pensando en el futuro ¿Quién preferirías que sea el próximo presidente de Chile, excluyendo a Sebastián Piñera?"
28/11/2020,Activa Research,657,online,abierta,1,11.40,14.50,2.20,7.00,13.40,1.80,,3.50,1.30,2.60,1.20,,,,,,,,,,,,,,,,,,,,,,,,,,,,,,,,,,,58.90,23.70,82.60,"Pensando en el futuro ¿Quién preferirías que sea el próximo presidente de Chile, excluyendo a Sebastián Piñera?"
30/11/2020,Data Influye,1702,online,abierta,0,11.40,17.90,5.20,6.70,11.30,2.80,1.80,1.50,0.60,2.30,1.00,1.50,1.50,3.30,,,0.9,0.80,0.50,,0.50,,,,1.40,,,,,,,,,,,,,,,,,,,,,72.90,15.50,88.40,"Pensando en la elección presidencial del próximo año, ¿quién le gustaría que fuese la o él presidente de Chile el 2021, excluyendo a Sebastián Piñera?"
09/12/2020,Criteria Research,957,online,abierta,0,10.00,15.00,6.00,9.00,9.00,4.00,3.00,3.00,,2.00,,3.00,,,,,,,,,,,,,,,,,,,,,,,,,,,,,,,,,,64.00,17.00,81.00,"Pensando en el futuro, ¿quién te gustaría que fuera el próximo presidente o presidenta de Chile después de Sebastián Piñera? (ÚNICA MENCIÓN EN PREGUNTA ABIERTA)"
10/12/2020,Cadem,703,phone,abierta,0,6.00,7.00,2.00,6.00,4.00,2.00,1.00,1.00,3.00,1.00,,1.00,,,2.00,,,,,1.00,,,,,,,,,,,,,,,,,,,,,,,,,,37.00,54.00,91.00,"Con excepción del Presidente Piñera, ¿Quién le gustaría a Ud. que fuera la o el próximo presidente/a de Chile? %"
28/12/2020,Activa Research,1004,online,abierta,0,12.7,9.10,3.40,7.20,11.90,2.40,6.20,2.60,2.30,,,,1.30,,,,,,,,,,,,,,,,,,,,,,,,,,,,,,,,,59.10,24.40,83.50,"Pensando en el futuro ¿Quién preferirías que sea el próximo presidente de Chile, excluyendo a Sebastián Piñera?"
28/12/2020,Activa Research,606,online,abierta,1,11.50,13.70,4.40,8.90,13.20,3.30,5.70,3.00,1.20,,,,1.90,,,,,,,,,,,,,,,,,,,,,,,,,,,,,,,,,66.80,19.30,86.10,"Pensando en el futuro ¿Quién preferirías que sea el próximo presidente de Chile, excluyendo a Sebastián Piñera?"
31/12/2020,Cadem,704,phone,abierta,0,5.00,7.00,2.00,5.00,2.00,1.00,5.00,,1.00,1.00,,,1.00,1.00,1.00,,,,,,,,,,,,,,,,,,,,,,,,,,,,,,,32.00,60.00,92.00,"Con excepción del Presidente Piñera, ¿Quién le gustaría a Ud. que fuera la o el próximo presidente/a de Chile? %"
04/01/2021,Data Influye,1568,online,abierta,0,8.00,17.50,5.00,6.80,8.40,2.10,5.90,2.70,0.90,2.60,1.20,1.30,2.80,3.30,0.60,2.20,0.70,,,0.90,0.50,,,,,,,,,,,,,,0.50,,,,,,,,,,,73.90,14.00,87.90,"Pensando en la elección presidencial de este año, ¿quién le gustaría que fuese la o él presidente de Chile el 2021, excluyendo a Sebastián Piñera? Mención espontánea. Nombres igual o mayor al 0,5%"
05/01/2021,Criteria Research,1550,online,abierta,0,11.00,12.00,6.00,9.00,7.00,2.00,7.00,2.00,2.00,,2.00,2.00,3.00,,,,2.00,,,,,,,,,,,,,,,,,,,,,,,,,,,,,67.00,15.00,82.00,"Pensando en el futuro, ¿quién te gustaría que fuera el próximo presidente o presidenta de Chile después de Sebastián Piñera?"
15/01/2021,Cadem,704,phone,abierta,0,7.00,7.00,3.00,4.00,2.00,,4.00,,1.00,1.00,,1.00,1.00,,1.00,,,,,,,,,,,,,,,,,,,,,,,,,,,,,,,32.00,60.00,92.00,"Con excepción del Presidente Piñera, ¿Quién le gustaría a Ud. que fuera la o el próximo presidente/a de Chile? %"
15/01/2021,Activa Research,1003,online,abierta,0,13.50,8.90,3.30,6.80,8.50,2.90,6.60,2.30,4.80,,1.60,,1.20,,2.20,,1.80,,,,,,,,,,,,,,,,,,,,,,,,,,,,,64.40,22.10,86.50,"Pensando en el futuro ¿Quién preferirías que sea el próximo presidente de Chile, excluyendo a Sebastián Piñera?"
15/01/2021,Activa Research,601,online,abierta,1,16.60,14.60,3.70,6.70,5.40,4.70,11.00,4.30,2.10,,0.40,,1.90,,4.30,,2.20,,,,,,,,,,,,,,,,,,,,,,,,,,,,,77.90,11.00,88.90,"Pensando en el futuro ¿Quién preferirías que sea el próximo presidente de Chile, excluyendo a Sebastián Piñera?"
22/01/2021,Cadem,710,phone,abierta,0,6.00,8.00,3.00,4.00,2.00,1.00,4.00,,2.00,1.00,,1.00,1.00,1.00,,2.00,,,,,,,,,,,,,,,,,,,,,,,,,,,,,,36.00,57.00,93.00,"Con excepción del Presidente Piñera, ¿Quién le gustaría a Ud. que fuera la o el próximo presidente/a de Chile? %"
29/01/2021,Cadem,702,phone,abierta,0,6.00,8.00,3.00,4.00,2.00,1.00,4.00,,3.00,1.00,,1.00,1.00,1.00,,2.00,,,,,,,,,,,,,,,,,,,,,,,,,,,,,,37.00,59.00,96.00,"Con excepción del Presidente Piñera, ¿Quién le gustaría a Ud. que fuera la o el próximo presidente/a de Chile? %"
29/01/2021,Activa Research,1041,online,abierta,0,10.30,10.70,5.30,2.20,11.80,2.00,4.00,2.60,2.60,,2.60,,,,,,,,,,3.00,,,1.50,,,,,,,,,,,,,,,,,,,,,,58.60,25.20,83.80,"Pensando en el futuro ¿Quién preferirías que sea el próximo presidente de Chile, excluyendo a Sebastián Piñera?"
29/01/2021,Activa Research,636,online,abierta,1,11.70,17.00,6.40,2.70,10.80,2.10,4.50,3.40,2.10,,0.10,,,,,,,,,,4.60,,,1.00,,,,,,,,,,,,,,,,,,,,,,66.40,16.60,83.00,"Pensando en el futuro ¿Quién preferirías que sea el próximo presidente de Chile, excluyendo a Sebastián Piñera?"
01/02/2021,Criteria Research,1000,online,abierta,0,12.00,12.00,5.00,7.00,5.00,2.00,8.00,2.00,,2.00,,2.00,3.00,,,3.00,,,,,,,,,,,,,,,,,,,,,,,,,,,,,,63.00,20.00,83.00,"Pensando en el futuro, ¿quién te gustaría que fuera el próximo presidente o presidenta de Chile después de Sebastián Piñera?"
01/02/2021,Data Influye,1613,online,abierta,0,10.20,16.70,3.90,5.30,7.50,1.40,7.40,1.00,1.20,2.00,1.40,1.50,2.30,1.40,,4.60,1.20,0.60,,0.50,1.40,,,1.00,,,,0.50,,,,,,,,0.50,,,,,,,,,,73.50,13.90,87.40,"Pensando en la elección presidencial de este año, ¿quién le gustaría que fuese la o él presidente de Chile el 2021, excluyendo a Sebastián Piñera? Mención espontánea. Nombres igual o mayor al 0,5%"
05/02/2021,Cadem,704,phone,abierta,0,4.00,6.00,2.00,5.00,3.00,2.00,4.00,,2.00,1.00,,1.00,1.00,1.00,,2.00,,,,,1.00,,,1.00,,,,,,,,,,,,,,,,,,,,,,36.00,57.00,93.00,"Con excepción del Presidente Piñera, ¿Quién le gustaría a Ud. que fuera la o el próximo presidente/a de Chile? %"
12/02/2021,Cadem,705,phone,abierta,0,4.00,6.00,3.00,4.00,2.00,1.00,1.00,,1.00,1.00,,1.00,1.00,,,2.00,,,,,1.00,,,,,,,,,,,,,,,,,,,,,,,,,28.00,65.00,93.00,"Con excepción del Presidente Piñera, ¿Quién le gustaría a Ud. que fuera la o el próximo presidente/a de Chile? %"
12/02/2021,Activa Research,1003,online,abierta,0,16.10,12.00,3.60,6.50,7.20,2.20,4.40,2.50,1.70,,,,,,,,,,,,,,,,,,,,,,,,,,,,,,,,,,,,,56.20,25.30,81.50,"Pensando en el futuro ¿Quién preferirías que sea el próximo presidente de Chile, excluyendo a Sebastián Piñera?"
12/02/2021,Activa Research,581,online,abierta,1,13.70,20.40,5.30,5.30,8.40,2.90,6.40,2.30,1.70,,,,,,,2.10,1.90,,,,,,,,,,,,,,,,,,,,,,,,,,,,,70.40,20.10,90.50,"Pensando en el futuro ¿Quién preferirías que sea el próximo presidente de Chile, excluyendo a Sebastián Piñera?"
28/02/2021,Data Influye,1637,online,abierta,0,8.40,17.90,4.40,5.70,6.10,2.10,5.40,0.90,0.80,1.90,0.70,0.60,1.90,,,4.40,0.50,,,0.70,1.30,,,0.60,,,,1.00,,,,,,,,,,,,,,,,,,65.30,21.70,87.00,"Pensando en el futuro, ¿quién te gustaría que fuera el próximo presidente o presidenta de Chile después de Sebastián Piñera?"
05/03/2021,Cadem,705,phone,abierta,0,5.00,6.00,3.00,4.00,2.00,1.00,3.00,,2.00,1.00,,,1.00,,,1.00,,,,,,,,1.00,,,,,,,,,,,,,,,,,,,,,,30.00,66.00,96.00,"Con excepción del Presidente Piñera, ¿Quién le gustaría a Ud. que fuera la o el próximo presidente/a de Chile? %"
12/03/2021,Activa Research,1235,online,abierta,0,9.70,10.10,3.30,5.30,10.70,4.30,5.10,1.40,,1.10,,,2.60,,,,2.00,,,,,,,,,,,,,,,,,,,,1.00,,,,,,,,,56.60,22.50,79.10,"Pensando en el futuro ¿Quién preferirías que sea el próximo presidente de Chile, excluyendo a Sebastián Piñera?"
12/03/2021,Activa Research,747,online,abierta,1,10.80,15.40,3.20,7.50,7.40,4.30,6.10,2.50,,2.00,,,3.70,,,,1.70,,,,,,,,,,,,,,,,,,,,1.80,,,,,,,,,66.40,16.50,82.90,"Pensando en el futuro ¿Quién preferirías que sea el próximo presidente de Chile, excluyendo a Sebastián Piñera?"
29/03/2021,Activa Research,1255,online,abierta,0,13.90,7.50,3.70,5.30,13.00,1.70,5.00,,,1.80,3.10,1.70,1.50,,,,1.60,,,,,,,,,,,1.90,,,,,,,,,,,,,,,,,,61.70,23.30,85.00,"Pensando en el futuro ¿Quién preferirías que sea el próximo presidente de Chile, excluyendo a Sebastián Piñera?"
29/03/2021,Activa Research,693,online,abierta,1,14.00,11.20,3.90,6.80,12.60,1.30,5.60,,,1.00,2.70,3.30,2.10,,,,2.50,,,,,,,,,,,2.10,,,,,,,,,,,,,,,,,,69.10,15.00,84.10,"Pensando en el futuro ¿Quién preferirías que sea el próximo presidente de Chile, excluyendo a Sebastián Piñera?"
30/03/2021,Criteria Research,1641,online,abierta,0,12.00,11.00,6.00,6.00,9.00,,6.00,2.00,,2.00,,,3.00,2.00,,,,,,,2.00,,,,,,,,,,,,,,,,,,,,,,,,,61.00,17.00,78.00,"Pensando en el futuro, ¿quién te gustaría que fuera el próximo presidente o presidenta de Chile después de Sebastián Piñera?"
08/04/2021,Cadem,703,phone,abierta,0,14.00,11.00,5.00,7.00,20.00,,6.00,,,4.00,,,4.00,,,3.00,,,,,4.00,,,1.00,,,,3.00,,,,,,,,,,,,,,,,,,82.00,16.00,98.00,"Si las elecciones presidenciales fueran el próximo domingo, ¿Por cuál de los siguientes candidatos votaría usted?
Alternativas dadas. Respuesta múltiple. %"
16/04/2021,Activa Research,1054,online,abierta,0,10.80,11.50,3.40,4.80,18.40,1.90,2.50,,2.30,,,,1.80,,,1.40,1.70,,,,2.40,,,,,,,1.20,,,,,,,,,,,,,,,,,,64.10,23.20,87.30,"Pensando en el futuro ¿Quién preferirías que sea el próximo presidente de Chile, excluyendo a Sebastián Piñera?"
16/04/2021,Activa Research,623,online,abierta,1,8.70,18.60,4.10,4.70,17.50,2.90,2.80,,0.50,,,,1.80,,,2.30,2.80,,,,4.40,,,,,,,1.90,,,,,,,,,,,,,,,,,,73.00,13.90,86.90,"Pensando en el futuro ¿Quién preferirías que sea el próximo presidente de Chile, excluyendo a Sebastián Piñera?"
26/04/2021,Data Influye,2014,online,abierta,0,9.80,16.80,4.50,4.80,15.50,1.90,4.00,,,3.40,,,2.40,1.00,,3.40,1.40,,,,1.70,,,,,,,3.80,,,,,,,,,,,,,,,,,,74.40,13.80,88.20,"Pensando en la elección presidencial del próximo año, ¿quién le gustaría que fuese la o él presidente de Chile el 2021, excluyendo a Sebastián Piñera?"
30/04/2021,Cadem,702,phone,abierta,0,10.00,11.00,6.00,7.00,18.00,,5.00,,,3.00,,,4.00,,,2.00,,,,,3.00,,,3.00,,,,3.00,,,,,,,,,,4.00,1.00,,,,,,,80.00,18.00,98.00,"Si las elecciones presidenciales fueran el próximo domingo, ¿Por cuál de los siguientes candidatos votaría usted?
Alternativas dadas. Respuesta múltiple. %"
30/04/2021,Activa Research,1184,online,abierta,0,7.80,10.30,4.80,3.00,21.70,,4.20,,1.70,2.80,,,1.40,,,,2.10,1.60,,,,,,,,,,,,,,,,,,,,,,,,,,,,61.40,23.20,84.60,"Pensando en el futuro ¿Quién preferirías que sea el próximo presidente de Chile, excluyendo a Sebastián Piñera?"
30/04/2021,Activa Research,667,online,abierta,1,6.90,17.10,6.00,3.00,21.00,,3.50,,0.30,5.30,,,2.20,,,,2.30,0.10,,,,,,,,,,,,,,,,,,,,,,,,,,,,67.70,16.40,84.10,"Pensando en el futuro ¿Quién preferirías que sea el próximo presidente de Chile, excluyendo a Sebastián Piñera?"
03/05/2021,Criteria Research,1592,online,abierta,0,11.00,13.00,6.00,7.00,15.00,,5.00,,,2.00,2.00,,3.00,,,2.00,,,,,,,,,,,,2.00,,,,,,,,,,3.00,,,,,,,,71.00,18.00,89.00,"Pensando en el futuro, ¿quién te gustaría que fuera el próximo presidente o presidenta de Chile después de Sebastián Piñera?"
18/05/2021,Activa Research,1047,online,abierta,0,14.80,13.30,3.30,5.60,10.20,,3.40,1.80,,,1.70,,,,,,,,,,1.30,,,,,,,1.70,,,,,,,,,,2.10,,,,,,,,59.20,24.50,83.70,"Pensando en el futuro ¿Quién preferirías que sea el próximo presidente de Chile, excluyendo a Sebastián Piñera?"
18/05/2021,Activa Research,680,online,abierta,1,13.50,19.20,5.00,7.70,8.70,,3.30,2.30,,,0.20,,,,,,,,,,2.30,,,,,,,2.20,,,,,,,,,,3.60,,,,,,,,68.00,17.30,85.30,"Pensando en el futuro ¿Quién preferirías que sea el próximo presidente de Chile, excluyendo a Sebastián Piñera?"
20/05/2021,Cadem,1000,phone,abierta,0,16.00,20.00,5.00,,7.00,,,,,2.00,,,4.00,11.00,,2.00,,,,,1.00,,,3.00,,,,5.00,,,,,,,,,,13.00,,,,,,,,89.00,5.00,94.00,"Si las elecciones presidenciales fueran el próximo domingo, ¿Por cuál de los siguientes candidatos votaría usted?
Alternativas dadas. Respuesta múltiple. %"
28/05/2021,Cadem,708,phone,abierta,0,17.00,17.00,8.00,,10.00,,8.00,,,,,,2.00,,,2.00,,,,,2.00,,,1.00,,,,5.00,,,,,,,,,,11.00,,,,,,,,83.00,16.00,99.00,"Si las elecciones presidenciales fueran el próximo domingo, ¿Por cuál de los siguientes candidatos votaría usted?
Alternativas dadas. Respuesta múltiple. %"
28/05/2021,Activa Research,1522,online,abierta,0,12.90,13.90,3.80,3.60,6.20,3.80,4.50,,1.70,,,,2.30,,,1.50,,,,,,,,,,,,1.50,,,,,,,,,,6.60,,,,,,,,62.30,22.70,85.00,"Pensando en el futuro ¿Quién preferirías que sea el próximo presidente de Chile, excluyendo a Sebastián Piñera?"
28/05/2021,Activa Research,967,online,abierta,1,13.10,17.40,5.20,2.90,6.90,5.00,6.00,,0.70,,,,2.70,,,2.50,,,,,,,,,,,,1.80,,,,,,,,,,7.30,,,,,,,,71.50,15.50,87.00,"Pensando en el futuro ¿Quién preferirías que sea el próximo presidente de Chile, excluyendo a Sebastián Piñera?"
28/05/2021,Feedback,5457,online,abierta,0,11.00,10.00,7.00,,,,10.00,,,,,,3.00,,,2.00,,,,,,,,3.00,,,,5.00,,,,,,,,,,6.00,,,,,,,,57.00,40.00,97.00,"Si las elecciones presidenciales fueran el próximo domingo, ¿Por quién votaría usted? (menciones espontáneas sobre ±2%)"
31/05/2021,Data Influye,1365,online,abierta,0,12.60,19.70,4.90,2.50,5.20,2.40,9.60,,,1.20,,,2.20,1.00,,4.90,,,,,,,,,,,,5.60,,,,,,,,,,8.60,,,,,,,,80.40,12.10,92.50,"Pensando en la elección presidencial, si esta elección fuese el próximo domingo, ¿por quién votaría Ud., para presidente/a de Chile, excluyendo a Sebastián Piñera? Mención espontánea. Nombres igual o mayor a 1%."
01/06/2021,Criteria Research,1532,online,abierta,0,14.00,16.00,6.00,5.00,4.00,2.00,8.00,,,,,,2.00,,,2.00,,,,,,,,,,,,4.00,,,,,,,,,,9.00,,,,,,,,72.00,18.00,90.00,"Pensando en el futuro, ¿quién te gustaría que fuera el próximo presidente o presidenta de Chile después de Sebastián Piñera? (ÚNICA MENCIÓN EN PREGUNTA ABIERTA"
03/06/2021,Cadem,702,phone,abierta,0,14.00,14.00,7.00,,8.00,6.00,8.00,,,,,,2.00,,,2.00,,,,,2.00,,,2.00,,,,5.00,,,,,,,,,,13.00,,,,,,,,83.00,16.00,99.00,"Si las elecciones presidenciales fueran el próximo domingo, ¿Por cuál de los siguientes candidatos votaría usted? Alternativas dadas."
11/06/2021,Cadem,703,phone,abierta,0,14.00,13.00,7.00,,7.00,6.00,6.00,,,,,,2.00,,,2.00,,,,,2.00,,,2.00,,,,3.00,,,,,,,,,,14.00,,1.00,,,,,,79.00,19.00,98.00,"Si las elecciones presidenciales fueran el próximo domingo, ¿Por cuál de los siguientes candidatos votaría usted? Alternativas dadas."
11/06/2021,Activa Research,1226,online,abierta,0,16.00,16.00,2.70,3.60,5.00,4.00,4.30,,,,,,1.80,,,,1.80,,,,,,,,,,,1.40,,,,,,,,,,6.20,,,,,,,,62.80,18.60,81.40,"Pensando en la elección presidencial, si esta elección fuese el próximo domingo, ¿por quién votaría Ud., para presidente/a de Chile, excluyendo a Sebastián Piñera? Mención espontánea. Nombres igual o mayor a 1%."
11/06/2021,Activa Research,771,online,abierta,1,11.10,21.50,3.60,5.00,4.30,5.60,5.70,,,,,,2.60,,,,2.30,,,,,,,,,,,2.30,,,,,,,,,,8.20,,,,,,,,72.20,12.70,84.90,"Pensando en la elección presidencial, si esta elección fuese el próximo domingo, ¿por quién votaría Ud., para presidente/a de Chile, excluyendo a Sebastián Piñera? Mención espontánea. Nombres igual o mayor a 1%."
14/06/2021,LabEstudios,1506,phone,abierta,0,6.00,9.00,4.00,6.00,7.00,1.00,2.00,,1.00,1.00,,1.00,1.00,,,1.00,1.00,,,,2.00,,,1.00,,,,1.00,,,,,,,,,,2.00,,,,,,,,47.00,39.00,86.00,"Si las elecciones para elegir al Presidente de la República fueran el próximo domingo, ¿por quién votaría usted…?"
17/06/2021,Cadem,703,phone,abierta,0,13.00,13.00,5.00,,8.00,5.00,5.00,,,,,,2.00,,,3.00,,,,,2.00,,,1.00,,,,6.00,,,,,,,,,,13.00,,1.00,,,,,,77.00,21.00,98.00,"Si las elecciones presidenciales fueran el próximo domingo, ¿Por cuál de los siguientes candidatos votaría usted? Alternativas dadas."
24/06/2021,Cadem,2388,phone,abierta,0,13.00,14.00,6.00,,6.00,4.00,9.00,,,,,,2.00,,,1.00,,,,,2.00,,,2.00,,,,6.00,,,,,,,,,,9.00,,1.00,,,,,,75.00,21.00,96.00,"Si las elecciones presidenciales fueran el próximo domingo, ¿Por cuál de los siguientes candidatos votaría usted? Alternativas dadas."
28/06/2021,Data Influye,1396,online,abierta,0,13.90,19.80,4.50,,2.40,1.70,10.30,,,,,,3.30,1.00,,1.80,,,,,,,,1.80,,,,10.30,,,,,,,,,,10.80,,,,,,,,81.60,9.60,91.20,"Pensando en la elección presidencial, si ésta fuese el próximo domingo, ¿por quién votaría Ud., para presidente/a de Chile el 2021, excluyendo a Sebastián Piñera?"
29/06/2021,Criteria Research,1598,online,abierta,0,13.00,18.00,6.00,,3.00,4.00,10.00,,,,,,,,,,,,,,,,,,,,,6.00,,,,,,,,,,9.00,,,,,,,,69.00,13.00,82.00,"Pensando en el futuro, ¿quién te gustaría que fuera el próximo presidente o presidenta de Chile después de Sebastián Piñera? (ÚNICA MENCIÓN EN PREGUNTA ABIERTA)"
15/07/2021,Cadem,3200,online,abierta,0,11.00,11.00,6.00,,8.00,5.00,15.00,,,,,,4.00,,,2.00,,,,,,,,3.00,,,,12.00,,,,,,,,,,9.00,,1.00,,,,,,87.00,12.00,99.00,"Si las elecciones presidenciales fueran el próximo domingo, ¿Por cuál de los siguientes candidatos votaría usted? Alternativas dadas."
23/07/2021,Cadem,700,online,cerrada,0,,,8.00,,,,25.00,,,,,,,,,3.00,,,,,,,4.00,,,,,30.00,,,,,,,,,,12.00,,1.00,,,,,,83.00,16.00,99.00,"Si las elecciones presidenciales fueran el próximo domingo, ¿Por cuál de los siguientes candidatos votaría usted?"
26/07/2021,Black & White,1844,online,cerrada,0,,,13.00,,,,35.00,,,,,,,,,,,,,,,,4.00,,,,,26.00,,,,,,,,,,12.00,,,,,,,,90.00,9.00,99.00,"Si las elecciones presidenciales fueran el próximo domingo, por quien votaría si las candidaturas fueran:"
30/07/2021,Cadem,703,online,abierta,0,,,7.00,,,,24.00,,,,,,,,,3.00,,,,,,,2.00,,,,,24.00,,,,,,,,,,13.00,,1.00,,,,,,74.00,24.00,98.00,"Si las elecciones presidenciales fueran el próximo domingo, ¿Por cuál de los siguientes candidatos votaría usted? Alternativas dadas."
30/07/2021,Activa Research,1317,online,cerrada,0,,,6.80,,,5.10,18.00,,,,,,,,,0.80,1.00,,,,,,1.50,,,,,22.90,,,,,,,,,,12.10,,0.70,1.60,0.50,,,,71.00,26.70,97.70,Si las elecciones presidenciales fueran este domingo ¿Por quién votarías? (cerrada)
30/07/2021,Activa Research,857,online,cerrada,1,,,6.80,,,6.90,19.60,,,,,,,,,1.10,0.90,,,,,,1.90,,,,,28.30,,,,,,,,,,15.80,,1.30,1.00,0.30,,,,83.90,14.30,98.20,Si las elecciones presidenciales fueran este domingo ¿Por quién votarías? (cerrada)
30/07/2021,Feedback,4066,online,abierta,0,,,10.00,,,,22.00,,,,,,,,,1.00,1.00,,,,,,,,,,,23.00,,,,,,,,,,5.00,,,,,,,,62.00,15.00,77.00,"Si las elecciones presidenciales fueran el próximo domingo, ¿Por quién votaría usted? (menciones espontáneas sobre ±1%)"
30/07/2021,Feedback,4066,online,abierta,1,,,9.00,,,1.00,21.00,,,,,,,,,1.00,,,,,,,2.00,,,,,29.00,,,,,,,,,,6.00,,,,,,,,69.00,,69.00,"Si las elecciones presidenciales fueran el próximo domingo, ¿Por quién votaría usted? (menciones espontáneas sobre ±1%)"
02/08/2021,Data Influye,1411,online,cerrada,0,,,8.90,,,,19.90,,,,,,,,,4.60,,3.70,,,,,4.70,,,,,29.50,,,,,,,,,,13.70,,2.40,3.50,,,,,90.90,8.80,99.70,"Pensando en la elección presidencial, si esta elección fuese el próximo domingo, ¿por quién votaría Ud., para presidente/a de Chile el 2021? (lista cerrada con alternativas dadas)"
03/08/2021,Criteria Research,1026,online,abierta,0,2.00,3.00,7.00,,,3.00,25.00,,,,,,,,,,,,,,,,,,,,,25.00,,,,,,,,,,11.00,,,,,,,,76.00,13.00,89.00,"Pensando en el futuro, ¿quién te gustaría que fuera el próximo presidente o presidenta de Chile después de Sebastián Piñera? (ÚNICA MENCIÓN EN PREGUNTA ABIERTA)"
06/08/2021,Cadem,702,online,cerrada,0,,,10.00,,,,24.00,,,,,,,,,2.00,,,,,,,,,,,,21.00,,,,,,,,,,10.00,,1.00,,,,,,68.00,28.00,96.00,"Si las elecciones presidenciales fueran el próximo domingo, ¿Por cuál de los siguientes candidatos votaría usted? Alternativas dadas. %"
13/08/2021,Cadem,703,online,cerrada,0,,,9.00,,,,22.00,,,,,,,,,2.00,,,,,,,,,,,,24.00,,,,,,,,,,9.00,,1.00,,,2.00,,,69.00,29.00,98.00,"Si las elecciones presidenciales fueran el próximo domingo, ¿Por cuál de los siguientes candidatos votaría usted? Alternativas dadas. %"
13/08/2021,Activa Research,1410,online,cerrada,0,,,10.20,,,4.60,20.40,,,,,,,,,1.80,2.10,,,,,,,,,,,14.70,,,,,,,,,,7.10,,0.30,1.70,0.40,1.00,,,64.30,22.20,86.50,Si las elecciones presidenciales fueran este domingo ¿Por quién votarías?
13/08/2021,Activa Research,890,online,cerrada,1,,,11.30,,,7.10,25.60,,,,,,,,,2.00,1.50,,,,,,,,,,,16.10,,,,,,,,,,9.00,,0.60,0.8,0.60,1.60,,,76.20,20.40,96.60,Si las elecciones presidenciales fueran este domingo ¿Por quién votarías?
27/08/2021,Cadem,704,online,cerrada,0,,,10.00,,,7.00,20.00,,,,,,,,,,3.00,,,,,,,,,,,20.00,,,,,,,,,,13.00,,,,1.00,,,,74.00,26.00,100.00,"Si las elecciones presidenciales fueran el próximo domingo, ¿Por cuál de los siguientes candidatos votaría usted? Alternativas dadas. %"
27/08/2021,Activa Research,1559,online,cerrada,0,,,11.30,,,6.10,11.50,,,,,,,,,,3.60,,,,,,,,,,,16.40,,,,,,,,,,11.30,,,,0.70,,0.70,0.60,62.20,24.60,86.80,Si las elecciones presidenciales fueran este domingo ¿Por quién votarías?
27/08/2021,Activa Research,967,online,cerrada,1,,,12.30,,,8.80,14.00,,,,,,,,,,3.60,,,,,,,,,,,23.40,,,,,,,,,,12.30,,,,1.20,,1.20,1.10,77.90,20.40,98.30,Si las elecciones presidenciales fueran este domingo ¿Por quién votarías?
31/08/2021,Criteria Research,1551,online,abierta,0,2.00,3.00,8.00,,1.00,6.00,19.00,,,,,,,,,,1.00,,,,,,,,,,,25.00,,,,,,,,,,12.00,,,,1.00,,1.00,,79.00,14.00,93.00,"Pensando en el futuro, ¿quién te gustaría que fuera el próximo presidente o presidenta de Chile después de Sebastián Piñera? (ÚNICA MENCIÓN EN PREGUNTA ABIERTA)"
01/09/2021,CEP,1443,cara a cara,abierta,0,,3.00,3.00,,2.00,2.00,11.00,,,,,,,,,,,,,,,,,,,,,13.00,,,,,,,,,,6.00,,,,,,,,40.00,50.00,90.00,¿Quién le gustaría a Ud. que fuera la o el próximo presidente de Chile? Pregunta abierta
03/09/2021,Cadem,702,online,cerrada,0,,,12.00,,,7.00,19.00,,,,,,,,,,2.00,,,,,,,,,,,23.00,,,,,,,,,,12.00,,,,,,,,75.00,25.00,100.00,"Si las elecciones presidenciales fueran el próximo domingo, ¿Por cuál de los siguientes candidatos votaría usted? Alternativas dadas. %"
06/09/2021,Data Influye,1619,online,cerrada,0,,,10.90,,,5.50,17.80,,,,,,,,,,2.60,,,,,,,,,,,26.50,,,,,,,,,,11.30,,,,1.50,,,,76.10,13.90,90.00,"Pensando en la elección presidencial, si esta elección fuese el próximo domingo, ¿por quién votaría Ud., para presidente/a de Chile? (lista cerrada)"
10/09/2021,Cadem,705,online,cerrada,0,,,9.00,,,8.00,19.00,,,,,,,,,,3.00,,,,,,,,,,,22.00,,,,,,,,,,10.00,,,,,,,,71.00,29.00,100.00,"Si las elecciones presidenciales fueran el próximo domingo, ¿Por cuál de los siguientes candidatos votaría usted? Alternativas dadas. %"
14/09/2021,La Cosa Nostra,600,online,cerrada,1,,,12.00,,,5.00,27.00,,,,,,,,,,2.50,,,,,,,,,,,36.00,,,,,,,,,,15.00,,,,2.50,,,,100.00,0.00,100.00,"Actualmente hay siete candidaturas inscritas oficialmente en el SERVEL, ¿por quién votará usted en las elecciones de noviembre?"
16/09/2021,Cadem,709,online,cerrada,0,,,10.00,,,6.00,17.00,,,,,,,,,,5.00,,,,,,,,,,,25.00,,,,,,,,,,9.00,,,,1.00,,,,73.00,27.00,100.00,"Si las elecciones presidenciales fueran el próximo domingo, ¿Por cuál de los siguientes candidatos votaría usted? Alternativas dadas. %"
16/09/2021,Cadem,100,online,cerrada,1,,,14.00,,,8.00,24.00,,,,,,,,,,6.00,,,,,,,,,,,34.00,,,,,,,,,,12.00,,,,2.00,,,,100.00,0.00,100.00,"Evolutivo Preferencias – Entre quienes señalan preferencia (base 100) Si las elecciones presidenciales fueran el próximo domingo, ¿Por cuál de los siguientes candidatos votaría usted? Alternativas dadas. %"
24/09/2021,Cadem,703,online,cerrada,0,,,13.00,,,5.00,17.00,,,,,,,,,,4.00,,,,,,,,,,,23.00,,,,,,,,,,10.00,,,,2.00,,,,74.00,26.00,100.00,"Si las elecciones presidenciales fueran el próximo domingo, ¿Por cuál de los siguientes candidatos votaría usted? Alternativas dadas. %"
24/09/2021,Cadem,100,online,cerrada,1,,,18.00,,,7.00,23.00,,,,,,,,,,5.00,,,,,,,,,,,31.00,,,,,,,,,,14.00,,,,2.00,,,,100.00,0.00,100.00,"Si las elecciones presidenciales fueran el próximo domingo, ¿Por cuál de los siguientes candidatos votaría usted? Alternativas dadas. %"
24/09/2021,Panel Ciudadano,944,online,cerrada,0,,,12.00,,,4.00,16.00,,,,,,,,,,4.00,,,,,,,,,,,26.00,,,,,,,,,,9.00,,,,3.00,,,,74.00,26.00,100.00,¿Por quién votaría si las elecciones fueran este domingo?
01/10/2021,Cadem,705,online,cerrada,0,,,15.00,,,5.00,12.00,,,,,,,,,,5.00,,,,,,,,,,,22.00,,,,,,,,,,12.00,,,,1.00,,,,72.00,28.00,100.00,"Si las elecciones presidenciales fueran el próximo domingo, ¿Por cuál de los siguientes candidatos votaría usted? Alternativas dadas. %"
01/10/2021,Cadem,100,online,cerrada,1,,,21.00,,,7.00,17.00,,,,,,,,,,7.00,,,,,,,,,,,30.00,,,,,,,,,,17.00,,,,1.00,,,,100.00,0.00,100.00,"Si las elecciones presidenciales fueran el próximo domingo, ¿Por cuál de los siguientes candidatos votaría usted? Alternativas dadas. %"
01/10/2021,Activa Research,1601,online,cerrada,0,,,14.00,,,5.70,12.50,,,,,,,,,,2.70,,,,,,,,,,,19.80,,,,,,,,,,8.60,,,,1.40,,,,64.70,24.00,88.70,Si las elecciones presidenciales fueran este domingo ¿Por quién votarías?
01/10/2021,Activa Research,878,online,cerrada,1,,,17.30,,,7.60,15.30,,,,,,,,,,3.10,,,,,,,,,,,29.70,,,,,,,,,,11.20,,,,1.80,,,,86.00,13.80,99.80,Si las elecciones presidenciales fueran este domingo ¿Por quién votarías?
04/10/2021,Data Influye,1446,online,cerrada,1,,,16.10,,,4.90,12.10,,,,,,,,,,3.70,,,,,,,,,,,25.70,,,,,,,,,,11.50,,,,3.10,,,,77.10,19.00,96.10,"Pensando en la elección presidencial, si esta elección fuese el próximo domingo, ¿por quién votaría Ud., para presidente/a de Chile? (lista cerrada)"
05/10/2021,Criteria Research,1485,online,abierta,0,,2.00,17.00,,,5.00,15.00,,,,,,,,,,3.00,,,,,,,,,,,26.00,,,,,,,,,,11.00,,,,1.00,,,,80.00,14.00,94.00,"Pensando en el futuro, ¿quién te gustaría que fuera el próximo presidente o presidenta de Chile después de Sebastián Piñera? (ÚNICA MENCIÓN EN PREGUNTA ABIERTA)"
07/10/2021,Panel Ciudadano,5011,online,cerrada,0,,,19.00,,,6.00,14.00,,,,,,,,,,4.00,,,,,,,,,,,24.00,,,,,,,,,,10.00,,,,2.00,,,,79.00,,79.00,¿Por quién votaría si las elecciones fueran este domingo?
08/10/2021,Cadem,704,online,cerrada,0,,,18.00,,,6.00,10.00,,,,,,,,,,4.00,,,,,,,,,,,21.00,,,,,,,,,,13.00,,,,1.00,,,,73.00,27.00,100.00,"Si las elecciones presidenciales fueran el próximo domingo, ¿Por cuál de los siguientes candidatos votaría usted? Alternativas dadas. %"
08/10/2021,Cadem,100,online,cerrada,1,,,25.00,,,8.00,14.00,,,,,,,,,,5.00,,,,,,,,,,,29.00,,,,,,,,,,18.00,,,,1.00,,,,100.00,0.00,100.00,"Si las elecciones presidenciales fueran el próximo domingo, ¿Por cuál de los siguientes candidatos votaría usted? Alternativas dadas. %"
14/10/2021,Cadem,706,online,cerrada,0,,,21.00,,,6.00,7.00,,,,,,,,,,4.00,,,,,,,,,,,20.00,,,,,,,,,,12.00,,,,3.00,,,,73.00,27.00,100.00,"Si las elecciones presidenciales fueran el próximo domingo, ¿Por cuál de los siguientes candidatos votaría usted? Alternativas dadas. %"
14/10/2021,Cadem,100,online,cerrada,1,,,29.00,,,8.00,10.00,,,,,,,,,,6.00,,,,,,,,,,,27.00,,,,,,,,,,16.00,,,,4.00,,,,100.00,0.00,100.00,"Si las elecciones presidenciales fueran el próximo domingo, ¿Por cuál de los siguientes candidatos votaría usted? Alternativas dadas. %"
15/10/2021,Activa Research,1632,online,cerrada,0,,,16.30,,,5.00,7.50,,,,,,,,,,3.40,,,,,,,,,,,21.30,,,,,,,,,,13.10,,,,1.60,,,,68.20,21.6,89.80,Si las elecciones presidenciales fueran este domingo ¿Por quién votarías?
15/10/2021,Activa Research,901,online,cerrada,1,,,20.20,,,6.90,8.90,,,,,,,,,,3.70,,,,,,,,,,,31.30,,,,,,,,,,16.50,,,,2.40,,,,89.90,9.8,99.70,Si las elecciones presidenciales fueran este domingo ¿Por quién votarías?
22/10/2021,Cadem,1007,online,cerrada,0,,,23.00,,,6.00,7.00,,,,,,,,,,5.00,,,,,,,,,,,20.00,,,,,,,,,,12.00,,,,1.00,,,,74.00,26.00,100.00,"Si las elecciones presidenciales fueran el próximo domingo, ¿Por cuál de los siguientes candidatos votaría usted? Alternativas dadas. %"
22/10/2021,Cadem,100,online,cerrada,1,,,31.00,,,8.00,10.00,,,,,,,,,,7.00,,,,,,,,,,,27.00,,,,,,,,,,16.00,,,,1.00,,,,100.00,0.00,100.00,"Si las elecciones presidenciales fueran el próximo domingo, ¿Por cuál de los siguientes candidatos votaría usted? Alternativas dadas. %"
22/10/2021,Criteria Research,1118,online,cerrada,1,,,27.70,,,7.70,8.10,,,,,,,,,,3.50,,,,,,,,,,,30.80,,,,,,,,,,10.90,,,,2.00,,,,90.70,,90.70,
29/10/2021,Cadem,1005,online,cerrada,0,,,24.00,,,7.00,8.00,,,,,,,,,,4.00,,,,,,,,,,,19.00,,,,,,,,,,11.00,,,,1.00,,,,74.00,26.00,100.00,"Si las elecciones presidenciales fueran el próximo domingo, ¿Por cuál de los siguientes candidatos votaría usted? Alternativas dadas. %"
29/10/2021,Cadem,100,online,cerrada,1,,,32.00,,,10.00,11.00,,,,,,,,,,5.00,,,,,,,,,,,26.00,,,,,,,,,,15.00,,,,1.00,,,,100.00,,100.00,"Si las elecciones presidenciales fueran el próximo domingo, ¿Por cuál de los siguientes candidatos votaría usted? Alternativas dadas. %"
29/10/2021,Activa Research,2027,online,cerrada,0,,,22.20,,,7.30,6.90,,,,,,,,,,4.80,,,,,,,,,,,17.40,,,,,,,,,,9.50,,,,1.60,,,,69.70,22.40,92.10,Si las elecciones presidenciales fueran este domingo ¿Por quién votarías?
29/10/2021,Activa Research,1110,online,cerrada,1,,,26.50,,,10.60,9.10,,,,,,,,,,5.10,,,,,,,,,,,25.00,,,,,,,,,,12.10,,,,2.60,,,,91.00,8.8,99.80,Si las elecciones presidenciales fueran este domingo ¿Por quién votarías?
31/10/2021,Data Influye,1743,online,cerrada,0,,,27.00,,,8.00,9.00,,,,,,,,,,4.00,,,,,,,,,,,32.00,,,,,,,,,,13.00,,,,2.00,,,,95.00,5.00,100.00,"Pensando en la elección presidencial, si esta elección fuese el próximo domingo, ¿por quién votaría Ud., para presidente/a de Chile?"
31/10/2021,Data Influye,100,online,cerrada,1,,,28.00,,,8.00,10.00,,,,,,,,,,4.00,,,,,,,,,,,34.00,,,,,,,,,,14.00,,,,2.00,,,,100.00,,100.00,"Pensando en la elección presidencial, si esta elección fuese el próximo domingo, ¿por quién votaría Ud., para presidente/a de Chile? No se incluyen personas que declaran que no votarán en primera vuelta."
31/10/2021,Studio Público,1493,online,cerrada,0,,,37.90,,,5.90,10.50,,,,,,,,,,4.70,,,,,,,,,,,27.60,,,,,,,,,,11.40,,,,1.90,,,,99.90,,99.90,"Si las elecciones presidenciales fueran este domingo, ¿Por cuál de los siguientes candidatos usted votaría?"
02/11/2021,Atlas,2266,online,cerrada,0,,,31.00,,,10.10,9.20,,,,,,,,,,4.20,,,,,,,,,,,21.40,,,,,,,,,,12.20,,,,2.50,,,,90.60,6.6,97.20,Si las elecciones presidenciales fueran hoy ¿por quién votaría usted? [Primera vuelta] [Intención de voto]
