id,región,distrito,nombre,pres,pres2,vp1,vp2,vp3,mesa1,mesa2,mesa3,comisiones1,presos1,presos2,protocolo_covid,covid_pcr,nbásicas,reg_cs,reg_vpc,reg_ms+ldp,reg_cd,reg_fa,reg_ms+ldp(b),reg_vpc(b),reg_inn(b),reg_vpc(c1),reg_vpc(c2),reg_ms+ldp(iv),reg_cd(iv),reg_mesa(c),pres_fa,et_fa,et_cd,et_cs,ce_fa,ce_ms+ldp,ce_vpc,ce_cs,ce_mesa,ce_fa(5),ce_ms+ldp(iii),ce_cs(iii),co_ddhh,co_cit,co_pc,co_pycppoo,co_des,co_pst,co_pcdlp,co_pla,co_bv,co_dl,co_ms18o,co_brnbm,co_pvyt
10,Arica,1,Pollyana Rivera Bigas,Jurgensen,Jurgensen,Rivera B.,Rivera B.,Rivera B.,na,na,na,na,en contra,en contra,a favor,en contra,a favor,,a favor,en contra,en contra,abstención,en contra,a favor,a favor,a favor,a favor,en contra ,en contra ,abstencion,en contra ,en contra ,en contra ,a favor ,en contra ,en contra ,a favor ,a favor ,en contra ,en contra ,en contra ,a favor ,a favor,a favor ,a favor ,a favor,a favor ,en contra ,en contra ,abstencion,a favor ,en contra ,en contra ,en contra ,a favor 
17,Arica,1,Jorge Bruno Abarca Riveros,Dorador,Godoy,Bassa,Bassa,Bassa,na,na,na,na,opción uno,opción uno,a favor,a favor,a favor,,en contra,a favor,en contra,en contra,en contra,a favor,a favor,en contra ,en contra ,a favor ,en contra ,a favor ,en contra ,a favor ,a favor ,a favor ,en contra ,a favor ,en contra ,a favor ,a favor ,en contra ,a favor ,a favor ,a favor,a favor ,a favor ,a favor,a favor ,abstencion ,abstencion,abstencion,abstencion,abstencion,en contra ,abstencion,en contra
22,Arica,1,Carolina Eliana Videla Osorio,Godoy,Loncon,Bassa,Bassa,Bassa,na,na,na,na,opción uno,opción uno,a favor,a favor,a favor,,en contra,a favor,a favor,en contra,a favor,en contra,en contra,en contra ,en contra ,a favor ,a favor ,en contra,en contra ,en contra ,a favor ,a favor ,en contra ,en contra ,en contra ,a favor ,en contra ,,a favor ,a favor ,a favor,a favor ,a favor ,a favor,a favor ,a favor,en contra ,en contra,abstencion,abstencion,abstencion,a favor,en contra
39,Tarapacá,2,Alejandra Alicia Flores Carlos,Loncon,Loncon,Dorador,Rojas,Rojas,na,na,na,na,opción dos,opción uno,a favor,,a favor,,en contra,a favor,a favor,en contra,a favor,en contra,en contra,en contra ,en contra ,a favor ,a favor ,en contra,en contra ,en contra ,a favor ,a favor ,en contra ,a favor ,en contra ,a favor ,a favor ,en contra ,a favor ,a favor ,a favor,a favor ,a favor ,a favor,a favor ,abstencion ,en contra ,a favor ,en contra ,a favor ,en contra ,a favor,en contra
59,Tarapacá,2,Alvaro Jofre Caceres,Jurgensen,Jurgensen,Rivera B.,Rivera B.,Rivera B.,na,na,na,na,en contra,en contra,a favor,en contra,a favor,,a favor,en contra,en contra,abstención,en contra,a favor,a favor,a favor,a favor,en contra ,en contra ,abstencion,en contra ,abstencion ,en contra ,a favor ,en contra ,en contra ,a favor ,a favor ,en contra ,,en contra ,a favor ,a favor,a favor ,a favor ,a favor,a favor ,en contra ,abstencion,en contra,en contra ,en contra ,en contra ,abstencion,a favor 
73,Tarapacá,2,Hugo Humberto Gutierrez Galvez,Godoy,Loncon,Bassa,Bassa,Bassa,na,na,na,na,opción uno,opción uno,a favor,a favor,a favor,,en contra,a favor,a favor,,a favor,,en contra,en contra ,en contra ,a favor ,a favor ,en contra,en contra ,en contra ,a favor ,a favor ,en contra ,en contra ,en contra ,a favor ,en contra ,a favor ,a favor ,a favor ,a favor,a favor ,a favor ,a favor,a favor ,a favor,abstencion,en contra,abstencion,abstencion,en contra ,a favor,en contra
89,Antofagasta,3,Pablo Antonio Toloza Fernandez,Jurgensen,Jurgensen,Rivera B.,Rivera B.,Rivera B.,na,na,na,na,en contra,en contra,a favor,en contra,a favor,,a favor,en contra,en contra,abstención,en contra,a favor,a favor,a favor,a favor,en contra ,en contra ,abstencion,en contra ,a favor ,en contra ,a favor ,en contra ,en contra ,a favor ,a favor ,en contra ,,en contra ,en contra ,a favor,a favor ,a favor ,a favor,a favor ,en contra ,en contra ,abstencion,en contra ,en contra ,en contra ,en contra ,a favor 
99,Antofagasta,3,Hernan Jesus Velasquez Nuñez,Dorador,Loncon,Garin,Bassa,Bassa,na,na,na,na,opción uno,opción uno,a favor,a favor,a favor,,en contra,a favor,a favor,en contra,a favor,en contra,en contra,en contra ,en contra ,a favor ,a favor ,en contra,en contra ,en contra ,a favor ,a favor ,en contra ,a favor ,en contra ,a favor ,en contra ,a favor ,a favor ,a favor ,a favor,a favor ,a favor ,a favor,a favor ,a favor,en contra ,en contra,a favor ,a favor ,en contra ,a favor,en contra
104,Antofagasta,3,Dayyana Gonzalez Araya,Godoy,Loncon,Rojas,Rojas,Rojas,na,na,na,na,opción dos,opción uno,a favor,a favor,a favor,,en contra,a favor,a favor,en contra,a favor,en contra,en contra,en contra ,en contra ,a favor ,a favor ,en contra,en contra ,en contra ,a favor ,a favor ,en contra ,a favor ,en contra ,a favor ,a favor ,en contra ,a favor ,a favor ,a favor,a favor ,a favor ,a favor,a favor ,a favor,,en contra,,en contra ,en contra ,en contra ,en contra
115,Antofagasta,3,Cristina Ines Dorador Ortiz,Bravo,Loncon,Dorador,Rojas,Bassa,na,na,na,na,opción uno,opción uno,a favor,a favor,a favor,,en contra,a favor,a favor,en contra,a favor,en contra,a favor,en contra ,en contra ,a favor ,a favor ,en contra,en contra ,a favor ,a favor ,a favor ,en contra ,a favor ,en contra ,a favor ,a favor ,en contra ,a favor ,a favor ,a favor,a favor ,a favor ,a favor,a favor ,a favor,abstencion,a favor ,abstencion,a favor ,en contra ,a favor,en contra
124,Atacama,4,Constanza Andrea San Juan Standen,Loncon,Loncon,Dorador,Rojas,Rojas,na,na,na,na,opción uno,opción uno,a favor,en contra,a favor,,en contra,a favor,a favor,en contra,a favor,en contra,en contra,en contra ,en contra ,a favor ,a favor,en contra,en contra ,en contra ,a favor ,a favor ,en contra ,a favor ,en contra ,a favor ,a favor ,a favor ,a favor ,a favor ,a favor,a favor ,a favor ,a favor,a favor ,a favor,en contra ,en contra,en contra ,abstencion,en contra ,abstencion,en contra
138,Atacama,4,Maximiliano Hurtado Roco,Loncon,Loncon,Bassa,Bassa,Bassa,na,na,na,na,opción uno,opción uno,a favor,a favor,a favor,,en contra,en contra,en contra,a favor,a favor,abstensión,a favor,en contra ,en contra ,en contra ,en contra ,en contra,en contra ,a favor ,a favor ,a favor ,en contra ,a favor ,en contra ,a favor ,a favor ,en contra ,en contra ,a favor ,a favor,a favor ,a favor ,a favor,a favor ,abstencion ,abstencion,en contra,abstencion,abstencion,en contra ,abstencion,en contra
143,Atacama,4,Ericka Portilla Barrios,Godoy,Loncon,Bassa,Bassa,Bassa,na,na,na,na,opción uno,opción uno,a favor,a favor,a favor,,en contra,a favor,a favor,en contra,a favor,en contra,en contra,en contra ,en contra ,a favor ,a favor,en contra,en contra ,en contra ,a favor ,a favor ,en contra ,en contra ,en contra ,a favor ,en contra ,en contra ,a favor ,a favor ,a favor,a favor ,a favor ,a favor,a favor ,a favor,a favor ,en contra,abstencion,abstencion,abstencion,abstencion,en contra
147,Atacama,4,Guillermo Nicolas Namor Kong,Politzer,Politzer,Dominguez,Bassa,Bassa,na,na,na,na,opción uno,opción uno,a favor,a favor,a favor,,en contra,a favor,en contra,en contra,en contra,a favor,a favor,a favor,en contra ,a favor ,a favor,abstencion,en contra ,a favor ,a favor ,a favor ,en contra ,a favor ,en contra ,a favor ,a favor ,en contra ,a favor ,a favor ,a favor,a favor ,a favor ,a favor,a favor ,a favor,en contra ,a favor ,abstencion,abstencion,en contra ,abstencion,en contra
153,Coquimbo,5,Maria Trinidad Castillo Boilet,Politzer,Politzer,Atria,Bassa,Bassa,na,na,na,na,opción uno,opción uno,a favor,a favor,a favor,,en contra,en contra,en contra,a favor,a favor,en contra,a favor,en contra ,en contra ,en contra ,en contra ,en contra,en contra ,a favor ,a favor ,a favor ,en contra ,a favor ,en contra ,a favor ,a favor ,en contra ,en contra ,a favor ,a favor,a favor ,a favor ,a favor,a favor ,abstencion ,en contra ,en contra,en contra ,en contra ,en contra ,abstencion,en contra
160,Coquimbo,5,Ivanna Daniela Olivares Miranda,Godoy,Loncon,Rojas,Rojas,Rojas,na,na,na,na,opción dos,opción uno,a favor,en contra,a favor,,en contra,a favor,a favor,en contra,a favor,en contra,en contra,en contra ,en contra ,a favor ,a favor,en contra,en contra ,en contra ,a favor ,a favor ,en contra ,,en contra ,a favor ,a favor ,en contra ,a favor ,a favor ,a favor,a favor ,a favor ,a favor,a favor ,a favor,abstencion,a favor ,abstencion,a favor ,en contra ,a favor,en contra
161,Coquimbo,5,Daniel Alejandro Bravo Silva,Dorador,Loncon,Dorador,Rojas,,na,na,na,na,opción dos,opción uno,a favor,a favor,a favor,,en contra,a favor,a favor,en contra,a favor,en contra,en contra,en contra ,en contra ,a favor ,a favor ,en contra,en contra ,en contra ,a favor ,a favor ,en contra ,a favor ,en contra ,a favor ,a favor ,en contra ,a favor ,a favor ,a favor,a favor ,a favor ,a favor,a favor ,a favor,en contra ,en contra,en contra ,en contra ,en contra ,en contra ,en contra
180,Coquimbo,5,Roberto Vega Campusano,Jurgensen,Politzer,Rivera B.,Rivera B.,Rivera B.,na,na,na,na,en contra,en contra,a favor,en contra,a favor,,a favor,en contra,en contra,en contra,en contra,a favor,a favor,a favor,a favor,en contra ,en contra ,a favor ,en contra ,a favor ,en contra ,a favor ,en contra ,en contra ,a favor ,a favor ,en contra ,en contra ,en contra ,en contra ,a favor,a favor ,a favor ,abstencion,a favor ,abstencion ,abstencion,a favor ,en contra ,abstencion,abstencion,a favor,a favor 
185,Coquimbo,5,Carlos Calvo Muñoz,Loncon,Loncon,Bassa,Bassa,Bassa,na,na,na,na,opción uno,opción uno,a favor,a favor,a favor,,en contra,en contra,en contra,a favor,a favor,en contra,a favor,en contra ,en contra ,a favor ,en contra ,en contra,en contra ,a favor ,a favor ,a favor ,en contra ,a favor ,en contra ,a favor ,a favor ,en contra ,en contra ,a favor ,,,,,,,,,,,,,
189,Coquimbo,5,Jeniffer Valeria Mella Escobar,Loncon,Loncon,Bassa,Bassa,Bassa,na,na,na,na,opción uno,opción uno,a favor,a favor,a favor,,en contra,en contra,en contra,a favor,a favor,en contra,a favor,en contra ,en contra ,a favor ,en contra ,a favor ,a favor ,a favor ,a favor ,a favor ,a favor ,en contra ,en contra ,a favor ,a favor ,a favor ,abstencion,a favor ,a favor,a favor ,a favor ,a favor,a favor ,abstencion ,abstencion,abstencion,abstencion,abstencion,en contra ,abstencion,en contra
195,Valparaíso,6,Lisette Lorena Vergara Riquelme,Godoy,Loncon,Rojas,Rojas,Rojas,na,na,na,na,opción dos,opción uno,a favor,,a favor,,en contra,a favor,a favor,en contra,a favor,,en contra,en contra ,en contra ,a favor ,,en contra,en contra ,en contra ,a favor ,a favor ,en contra ,a favor ,en contra ,a favor ,a favor ,abstencion,a favor ,a favor ,a favor,a favor ,a favor ,a favor,a favor ,a favor,abstencion,a favor ,abstencion,abstencion,abstencion,a favor,en contra
196,Valparaíso,6,Cristobal Patricio Andrade Leon,Godoy,Loncon,Rojas,Rojas,Rojas,na,na,na,na,opción dos,opción uno,a favor,en contra,a favor,,en contra,a favor,a favor,en contra,a favor,en contra,en contra,en contra ,en contra ,a favor ,a favor ,en contra,en contra ,en contra ,a favor ,a favor ,en contra ,a favor ,en contra ,a favor ,a favor ,en contra ,a favor ,a favor ,a favor,a favor ,a favor ,a favor,a favor ,a favor,en contra ,en contra,en contra ,en contra ,en contra ,a favor,en contra
207,Valparaíso,6,Ruggero Cozzi Elzo,Jurgensen,Jurgensen,Rivera B.,Rivera B.,Rivera B.,na,na,na,na,,,a favor,en contra,a favor,,a favor,en contra,en contra,abstención,en contra,a favor,a favor,a favor,a favor,en contra ,en contra ,a favor ,en contra ,a favor ,en contra ,a favor ,en contra ,abstencion ,a favor ,a favor ,en contra ,en contra ,en contra ,a favor ,a favor,a favor ,a favor ,a favor,a favor ,abstencion ,abstencion,a favor ,abstencion,abstencion,a favor ,abstencion,a favor 
220,Valparaíso,6,Claudio Gomez Castro,Loncon,Loncon,Bassa,Bassa,Bassa,na,na,na,na,opción uno,opción uno,,,a favor,,en contra,en contra,en contra,a favor,a favor,en contra,a favor,en contra ,en contra ,a favor ,en contra ,a favor ,,a favor ,a favor ,a favor ,,a favor ,en contra ,a favor ,a favor ,,en contra ,a favor ,a favor,a favor ,a favor ,a favor,a favor ,abstencion ,abstencion,a favor ,abstencion,abstencion,en contra ,abstencion,en contra
230,Valparaíso,6,Janis Jan Del Carmen Meneses Palma,Loncon,Loncon,Rojas,Rojas,Bassa,na,na,na,na,opción dos,opción uno,a favor,a favor,a favor,,en contra,a favor,a favor,en contra,a favor,en contra,a favor,en contra ,en contra ,a favor ,a favor ,en contra,en contra ,en contra ,a favor ,a favor ,en contra ,a favor ,en contra ,a favor ,a favor ,a favor ,a favor ,a favor ,a favor,a favor ,a favor ,a favor,a favor ,a favor,en contra ,en contra,en contra ,en contra ,en contra ,en contra ,en contra
232,Valparaíso,6,Carolina Cyntia Vilches Fuenzalida,Loncon,Loncon,Dorador,Rojas,Bassa,na,na,na,na,opción uno,opción uno,a favor,a favor,a favor,,en contra,a favor,a favor,en contra,a favor,en contra,a favor,en contra ,en contra ,a favor ,a favor ,en contra,,a favor ,a favor ,a favor ,,a favor ,en contra ,a favor ,a favor ,abstencion,a favor ,a favor ,a favor,a favor ,a favor ,a favor,a favor ,a favor,abstencion,en contra,a favor ,a favor ,en contra ,a favor,en contra
234,Valparaíso,6,Mariela Andrea Serey Jimenez,Loncon,Loncon,Bassa,Bassa,Bassa,na,na,na,na,opción uno,opción uno,a favor,a favor,a favor,,en contra,en contra,en contra,a favor,a favor,en contra,a favor,a favor,en contra ,a favor ,en contra ,a favor ,a favor ,a favor ,a favor ,a favor ,a favor ,a favor ,en contra ,a favor ,a favor ,a favor ,a favor ,a favor ,a favor,a favor ,a favor ,a favor,a favor ,abstencion ,abstencion,abstencion,abstencion,abstencion,en contra ,abstencion,en contra
258,Valparaíso,6,Miguel Angel Botto Salinas,Politzer,Politzer,Bassa,Bassa,Bassa,na,na,na,na,abstención,abstención,a favor,en contra,a favor,,en contra,a favor,en contra,en contra,en contra,a favor,a favor,en contra ,en contra ,a favor ,en contra ,abstencion,en contra ,a favor ,a favor ,a favor ,en contra ,a favor ,en contra ,a favor ,a favor ,en contra ,a favor ,a favor ,a favor,a favor ,a favor ,a favor,a favor ,abstencion ,abstencion,a favor ,abstencion,,,,
276,Valparaíso,7,Raul Celis Montt,Jurgensen,Jurgensen,Rivera B.,Rivera B.,Rivera B.,na,na,na,na,,,,,a favor,,a favor,en contra,en contra,abstención,en contra,a favor,a favor,a favor,a favor,en contra ,en contra ,en contra,en contra ,abstencion ,en contra ,a favor ,en contra ,en contra ,a favor ,a favor ,en contra ,en contra ,en contra ,en contra ,a favor,a favor ,a favor ,a favor,a favor ,en contra ,en contra ,en contra,en contra ,en contra ,en contra ,en contra ,a favor 
280,Valparaíso,7,Jorge Arancibia Reyes,Jurgensen,Jurgensen,Rivera B.,Rivera B.,Rivera B.,na,na,na,na,en contra,en contra,a favor,en contra,a favor,,a favor,en contra,en contra,abstención,en contra,a favor,a favor,a favor,a favor,en contra ,en contra ,abstencion,en contra ,a favor ,en contra ,a favor ,en contra ,en contra ,a favor ,a favor ,en contra ,,en contra ,en contra ,a favor,a favor ,a favor ,en contra ,a favor ,en contra ,en contra ,en contra,en contra ,en contra ,en contra ,en contra ,a favor 
288,Valparaíso,7,Agustin Squella Narducci,Politzer,Loncon,Bassa,Bassa,Bassa,na,na,na,na,abstención,abstención,a favor,a favor,a favor,,en contra,a favor,en contra,abstención,abstención,a favor,a favor,a favor,en contra ,en contra ,en contra ,a favor ,en contra ,abstencion ,en contra ,en contra ,en contra ,a favor ,abstencion,en contra , ,,,,abstencion ,a favor ,a favor ,a favor,abstencion ,a favor,abstencion,en contra,abstencion,abstencion,abstencion,abstencion,abstencion
299,Valparaíso,7,Jaime Andres Bassa Mercado,Loncon,Loncon,Bassa,Bassa,Bassa,na,na,na,na,opción uno,opción uno,a favor,a favor,a favor,,en contra,en contra,en contra,a favor,a favor,en contra,a favor,en contra ,en contra ,a favor ,en contra ,a favor ,abstencion ,abstencion ,a favor ,a favor ,abstencion ,a favor ,en contra ,a favor ,a favor ,a favor ,a favor ,a favor ,a favor,a favor ,a favor ,a favor,a favor ,abstencion ,abstencion,abstencion,abstencion,abstencion,en contra ,abstencion,en contra
302,Valparaíso,7,Maria Jose Oyarzun Solis,Loncon,Loncon,Bassa,Bassa,Bassa,na,na,na,na,opción uno,opción uno,a favor,a favor,a favor,,en contra,en contra,en contra,a favor,a favor,en contra,a favor,abstencion,en contra ,a favor ,en contra ,a favor ,a favor ,a favor ,a favor ,a favor ,a favor ,en contra ,en contra ,a favor ,en contra ,a favor ,abstencion,a favor ,a favor,a favor ,a favor ,a favor,a favor ,abstencion ,abstencion,abstencion,abstencion,abstencion,en contra ,abstencion,en contra
328,Valparaíso,7,Camila Ignacia Zarate Zarate,Loncon,Loncon,Rojas,Rojas,Rojas,na,na,na,na,opción uno,opción uno,a favor,a favor,a favor,,en contra,a favor,a favor,en contra,a favor,en contra,en contra,en contra ,en contra ,a favor ,a favor ,en contra,en contra ,en contra ,a favor ,a favor ,en contra ,a favor ,en contra ,a favor ,a favor ,,a favor ,a favor ,a favor,a favor ,a favor ,a favor,a favor ,abstencion ,en contra ,en contra,en contra ,en contra ,en contra ,en contra ,en contra
330,Valparaíso,7,Tania Isabel Madriaga Flores,Godoy,Loncon,Rojas,Rojas,Rojas,na,na,na,na,opción dos,opción uno,a favor,en contra,a favor,,en contra,a favor,a favor,en contra,a favor,en contra,en contra,en contra ,en contra ,a favor ,a favor ,en contra,en contra ,en contra ,a favor ,a favor ,en contra ,a favor ,en contra ,a favor ,a favor ,en contra ,a favor ,a favor ,a favor,a favor ,a favor ,a favor,a favor ,a favor,en contra ,en contra,a favor ,a favor ,en contra ,a favor,en contra
359,Metropolitana,8,Bernardo De La Maza Bañados,Squella,Politzer,Rivera B.,Rivera B.,Bassa,na,na,na,na,en contra,en contra,a favor,abstencion,a favor,,a favor,en contra,en contra,en contra,en contra,a favor,a favor,a favor,a favor,en contra ,en contra ,abstencion,en contra ,a favor ,en contra ,a favor ,en contra , ,a favor ,a favor ,,,en contra ,a favor ,a favor,a favor ,a favor ,a favor,a favor ,en contra ,en contra ,en contra,en contra ,en contra ,,abstencion,
360,Metropolitana,8,Bessy Mireya Del Rosario Gallardo Prado,Politzer,Loncon,Logan,Bassa,Bassa,na,na,na,na,opción uno,opción uno,a favor,a favor,a favor,,en contra,a favor,en contra,en contra,en contra,abtensión,a favor,abstencion,en contra ,a favor ,en contra ,en contra,en contra ,a favor ,a favor ,a favor ,en contra ,a favor ,en contra ,a favor ,a favor ,abstencion,a favor ,a favor ,a favor,a favor ,a favor ,a favor,a favor ,abstencion ,abstencion,abstencion,abstencion,abstencion,en contra ,abstencion,en contra
369,Metropolitana,8,Valentina Andrea Miranda Arce,Godoy,Loncon,Bassa,Bassa,Bassa,na,na,na,na,opción uno,opción uno,a favor,a favor,a favor,,en contra,a favor,a favor,en contra,a favor,en contra,en contra,en contra ,en contra ,a favor ,a favor,en contra,en contra ,en contra ,a favor ,a favor ,en contra ,en contra ,en contra ,a favor ,en contra ,a favor ,a favor ,a favor ,a favor,a favor ,a favor ,a favor,a favor ,a favor,en contra ,en contra,a favor ,a favor ,en contra ,a favor,en contra
373,Metropolitana,8,Tatiana Karina Urrutia Herrera,Loncon,Loncon,Bassa,Bassa,Bassa,na,na,na,na,opción uno,opción uno,a favor,a favor,a favor,,en contra,en contra,en contra,a favor,a favor,en contra,a favor,en contra ,en contra ,a favor ,en contra ,a favor ,a favor ,a favor ,a favor ,a favor ,a favor ,a favor ,en contra ,a favor ,a favor ,a favor ,a favor ,a favor ,a favor,a favor ,a favor ,a favor,a favor ,abstencion ,abstencion,abstencion,abstencion,abstencion,en contra ,abstencion,en contra
374,Metropolitana,8,Daniel Rodrigo Stingo Camus,Loncon,Loncon,Bassa,Bassa,Bassa,na,na,na,na,opción uno,opción uno,a favor,a favor,a favor,,en contra,en contra,en contra,a favor,a favor,en contra,a favor,a favor,en contra ,a favor ,en contra ,a favor ,a favor ,a favor ,a favor ,a favor ,a favor ,a favor ,en contra ,a favor ,a favor ,a favor ,a favor ,a favor ,a favor,a favor ,a favor ,a favor,a favor ,abstencion ,abstencion,abstencion,abstencion,abstencion,en contra ,abstencion,en contra
388,Metropolitana,8,Maria Magdalena Rivera Iribarren,Godoy,,Rojas,Rojas,Rojas,na,na,na,na,abstención,abstención,a favor,a favor,,,en contra,a favor,a favor,en contra,a favor,en contra,abstencion,en contra ,en contra ,a favor ,a favor,en contra,en contra ,en contra ,a favor ,a favor ,en contra ,a favor ,en contra ,a favor ,a favor ,en contra ,a favor ,a favor ,a favor,a favor ,a favor ,a favor,a favor ,abstencion ,en contra ,abstencion,abstencion,abstencion,en contra ,abstencion,en contra
389,Metropolitana,8,Marco Antonio Arellano Ortega,Godoy,Loncon,Rojas,Rojas,Rojas,na,na,na,na,opción dos,opción uno,a favor,a favor,a favor,,en contra,a favor,a favor,en contra,a favor,en contra,en contra,en contra ,en contra ,a favor ,a favor ,en contra,en contra ,en contra ,a favor ,a favor ,en contra ,a favor ,en contra ,a favor ,a favor ,en contra ,a favor ,a favor ,a favor,a favor ,a favor ,a favor,a favor ,a favor,abstencion,en contra,a favor ,a favor ,en contra ,a favor,en contra
402,Metropolitana,9,Alejandra Pia Perez Espina,Godoy,Loncon,Rojas,Rojas,Rojas,na,na,na,na,opción dos,opción uno,a favor,en contra,a favor,,en contra,a favor,a favor,en contra,a favor,en contra,a favor,en contra ,en contra ,a favor ,a favor,en contra,en contra ,en contra ,a favor ,a favor ,en contra ,a favor ,en contra ,a favor ,a favor ,en contra ,a favor ,a favor ,a favor,a favor ,a favor ,a favor,a favor ,a favor,en contra ,en contra,a favor ,a favor ,en contra ,a favor,en contra
406,Metropolitana,9,Natalia Esther Henriquez Carreño,Godoy,Loncon,Rojas,Rojas,Rojas,na,na,na,na,opción dos,opción uno,a favor,en contra,a favor,,en contra,a favor,a favor,en contra,a favor,en contra,en contra,en contra ,en contra ,a favor ,a favor ,en contra,en contra ,en contra ,a favor ,a favor ,en contra ,a favor ,en contra ,a favor ,a favor ,en contra ,a favor ,a favor ,a favor,a favor ,a favor ,a favor,a favor ,a favor,en contra ,en contra,en contra ,en contra ,en contra ,a favor,en contra
416,Metropolitana,9,Arturo Zuñiga Jory,Jurgensen,Jurgensen,Rivera B.,Rivera B.,Rivera B.,na,na,na,na,en contra,en contra,a favor,en contra,a favor,,a favor,en contra,en contra,abstención,en contra,a favor,a favor,a favor,a favor,en contra ,en contra ,abstencion,en contra ,a favor ,en contra ,a favor ,en contra ,en contra ,a favor ,a favor ,en contra ,en contra ,en contra ,a favor ,en contra ,a favor ,a favor ,a favor,en contra ,en contra ,en contra ,en contra,en contra ,en contra ,en contra ,en contra ,en contra
427,Metropolitana,9,Cesar Valenzuela Maass,Loncon,Loncon,Bassa,Bassa,Bassa,na,na,na,na,opción uno,opción uno,a favor,,a favor,,en contra,en contra,en contra,a favor,a favor,en contra,a favor,en contra ,en contra ,en contra ,en contra ,en contra,en contra ,a favor ,a favor ,a favor ,en contra ,a favor ,en contra ,a favor ,a favor ,en contra ,en contra ,a favor ,a favor,a favor ,a favor ,a favor,a favor ,abstencion ,abstencion,,en contra ,en contra ,en contra ,en contra ,en contra
435,Metropolitana,9,Barbara Sepulveda Hales,Godoy,Loncon,Bassa,Bassa,Bassa,na,na,na,na,opción uno,opción uno,a favor,a favor,a favor,,en contra,a favor,a favor,en contra,a favor,en contra,en contra,en contra ,en contra ,a favor ,a favor,en contra,en contra ,en contra ,a favor ,a favor ,en contra ,en contra ,en contra ,a favor ,en contra ,a favor ,a favor ,a favor ,a favor,a favor ,a favor ,a favor,a favor ,a favor,en contra ,en contra,a favor ,a favor ,en contra ,a favor,en contra
457,Metropolitana,9,Rodrigo Logan Soto,Politzer,Politzer,Logan,Bassa,Bassa,na,na,na,na,abstención,abstención,,en contra,a favor,,en contra,a favor,en contra,en contra,en contra,a favor,a favor,en contra ,en contra ,en contra ,en contra ,en contra,en contra ,a favor ,a favor ,a favor ,en contra ,en contra ,a favor ,a favor ,en contra ,a favor ,a favor ,a favor ,a favor,a favor ,a favor ,en contra ,a favor ,abstencion ,en contra ,a favor ,abstencion,abstencion,en contra ,abstencion,a favor 
472,Metropolitana,10,Cristian Monckeberg Bruner,Jurgensen,Jurgensen,Rivera B.,Rivera B.,Rivera B.,na,na,na,na,en contra,en contra,a favor,en contra,a favor,,a favor,en contra,en contra,en contra,en contra,a favor,a favor,a favor,a favor,en contra ,en contra ,abstencion,en contra ,abstencion ,en contra ,a favor ,en contra ,en contra ,a favor ,a favor ,en contra ,en contra ,,a favor ,a favor,a favor ,a favor ,a favor,a favor ,abstencion ,abstencion,en contra,en contra ,en contra ,en contra ,abstencion,a favor 
473,Metropolitana,10,Teresa Marinovic Vial,Jurgensen,Jurgensen,Rivera B.,Rivera B.,Rivera B.,na,na,na,na,en contra,en contra,a favor,en contra,a favor,,a favor,en contra,en contra,abstención,en contra,a favor,a favor,a favor,a favor,en contra ,en contra ,abstencion,en contra ,abstencion ,en contra ,a favor ,en contra ,en contra ,a favor ,a favor ,en contra ,en contra ,en contra ,en contra ,a favor,a favor ,a favor ,en contra ,a favor ,,,,,,,,
480,Metropolitana,10,Jorge Baradit Morales,Loncon,Loncon,Bassa,Bassa,Bassa,na,na,na,na,opción uno,opción uno,a favor,a favor,a favor,,en contra,en contra,en contra,a favor,en contra,en contra,en contra,en contra ,en contra ,a favor ,en contra ,en contra,en contra ,a favor ,a favor ,a favor ,en contra ,a favor ,en contra ,a favor ,a favor ,a favor ,a favor ,a favor ,a favor,a favor ,a favor ,a favor,a favor ,abstencion ,abstencion,a favor ,abstencion,abstencion,abstencion,abstencion,abstencion
488,Metropolitana,10,Fernando Atria Lemaitre,Loncon,Loncon,Bassa,Bassa,Bassa,na,na,na,na,opción uno,opción uno,a favor,,a favor,,en contra,en contra,en contra,a favor,a favor,en contra,a favor,en contra ,en contra ,a favor ,en contra ,a favor ,a favor ,a favor ,en contra ,a favor ,a favor ,a favor ,en contra ,a favor ,a favor ,a favor ,en contra ,a favor ,a favor,a favor ,a favor ,a favor,a favor ,abstencion ,abstencion,abstencion,abstencion,abstencion,en contra ,abstencion,en contra
489,Metropolitana,10,Giovanna Angela Roa Cadin,Loncon,Loncon,Bassa,Bassa,Bassa,na,na,na,na,opción uno,opción uno,a favor,a favor,a favor,,en contra,en contra,en contra,a favor,a favor,en contra,a favor,en contra ,en contra ,a favor ,en contra ,a favor ,a favor ,a favor ,a favor ,a favor ,a favor ,a favor ,en contra ,a favor ,a favor ,a favor ,a favor ,a favor ,a favor,a favor ,,a favor,a favor ,abstencion ,abstencion,abstencion,abstencion,abstencion,en contra ,abstencion,en contra
512,Metropolitana,10,Manuel Mauricio Woldarsky Gonzalez,Godoy,Loncon,Rojas,Rojas,Rojas,na,na,na,na,opción dos,opción uno,a favor,a favor,a favor,,en contra,a favor,a favor,en contra,a favor,en contra,en contra,en contra ,en contra ,a favor ,a favor ,en contra,en contra ,en contra ,a favor ,a favor ,en contra ,a favor ,en contra ,a favor ,a favor ,a favor ,a favor ,a favor ,a favor,a favor ,a favor ,a favor,a favor ,a favor,abstencion,en contra,a favor ,a favor ,en contra ,a favor,en contra
527,Metropolitana,10,Patricia Politzer Kerekes,Politzer,Politzer,Dominguez,Bassa,Bassa,na,na,na,na,abstención,opción uno,a favor,a favor,a favor,,en contra,a favor,en contra,en contra,en contra,a favor,a favor,abstencion,en contra ,a favor ,en contra ,abstencion,en contra ,a favor ,a favor ,a favor ,en contra ,a favor ,en contra ,a favor ,a favor ,en contra ,a favor ,a favor ,a favor,a favor ,a favor ,a favor,a favor ,abstencion ,abstencion,a favor ,abstencion,abstencion,en contra ,abstencion,en contra
549,Metropolitana,11,Marcela Cubillos Sigall,Jurgensen,Jurgensen,Rivera B.,Rivera B.,Rivera B.,na,na,na,na,en contra,en contra,a favor,en contra,a favor,,a favor,en contra,en contra,abstención,en contra,a favor,a favor,a favor,a favor,en contra ,en contra ,abstencion,en contra ,abstencion ,en contra ,a favor ,en contra ,en contra ,a favor ,a favor ,en contra ,en contra ,en contra ,en contra ,en contra ,a favor ,a favor ,abstencion,a favor ,en contra ,en contra ,en contra,en contra ,en contra ,en contra ,,
550,Metropolitana,11,Hernan Larrain Matte,Jurgensen,Jurgensen,Rivera B.,Rivera B.,Rivera B.,na,na,na,na,en contra,en contra,a favor,abstencion,a favor,,a favor,en contra,en contra,abstención,en contra,a favor,a favor,a favor,a favor,en contra ,en contra ,abstencion,en contra ,abstencion ,en contra ,a favor ,en contra ,en contra ,a favor ,a favor ,en contra ,en contra ,en contra ,a favor ,a favor,a favor ,a favor ,a favor,a favor ,a favor,abstencion,abstencion,abstencion,abstencion,abstencion,abstencion,abstencion
552,Metropolitana,11,Bernardo Fontaine Talavera,Jurgensen,Jurgensen,Rivera B.,Rivera B.,Rivera B.,na,na,na,na,en contra,en contra,a favor,en contra,a favor,,a favor,en contra,en contra,abstención,en contra,a favor,a favor,a favor,a favor,en contra ,en contra ,abstencion,en contra ,,en contra ,a favor ,en contra ,en contra ,a favor ,a favor ,en contra ,en contra ,en contra ,a favor ,,,a favor ,a favor,a favor ,en contra ,abstencion,abstencion,en contra ,en contra ,en contra ,abstencion,a favor 
555,Metropolitana,11,Constanza Hube Portus,Jurgensen,Jurgensen,Rivera B.,Rivera B.,Rivera B.,na,na,na,na,en contra,en contra,,,a favor,,a favor,en contra,en contra,abstención,en contra,a favor,a favor,a favor,a favor,en contra ,en contra ,abstencion,en contra ,abstencion ,en contra ,a favor ,en contra ,en contra ,a favor ,a favor ,en contra ,en contra ,en contra ,en contra ,a favor,a favor ,a favor ,abstencion,a favor ,en contra ,en contra ,en contra,en contra ,en contra ,en contra ,en contra ,abstencion
566,Metropolitana,11,Patricio Fernandez Chadwick,Loncon,Loncon,Bassa,Bassa,Bassa,na,na,na,na,abstención,abstención,a favor,,a favor,,en contra,a favor,en contra,en contra,en contra,a favor,a favor,en contra ,en contra ,a favor ,en contra ,en contra,en contra ,a favor ,en contra ,a favor ,en contra ,a favor ,en contra ,a favor ,a favor ,en contra ,a favor ,a favor ,a favor,a favor ,a favor ,a favor,a favor ,abstencion ,abstencion,abstencion,abstencion,abstencion,en contra ,abstencion,en contra
570,Metropolitana,11,Constanza Gabriela Schonhaut Soto,Loncon,Loncon,Bassa,Bassa,Bassa,na,na,na,na,opción uno,opción uno,a favor,a favor,a favor,,en contra,en contra,en contra,a favor,a favor,en contra,a favor,en contra ,en contra ,a favor ,en contra ,a favor ,a favor ,a favor ,a favor ,a favor ,a favor ,en contra ,en contra ,a favor ,a favor ,,a favor ,a favor ,a favor,a favor ,a favor ,a favor,a favor ,abstencion ,abstencion,abstencion,abstencion,abstencion,en contra ,abstencion,en contra
595,Metropolitana,12,Alondra Carrillo Vidal,Loncon,Loncon,Rojas,Rojas,Rojas,na,na,na,na,opción dos,opción uno,a favor,a favor,a favor,,en contra,a favor,a favor,en contra,a favor,en contra,a favor,en contra ,en contra ,a favor ,a favor ,en contra,en contra ,en contra ,a favor ,a favor ,en contra ,a favor ,en contra ,a favor ,a favor ,a favor ,a favor ,a favor ,a favor,a favor ,a favor ,a favor,a favor ,a favor,en contra ,en contra,en contra ,en contra ,en contra ,en contra ,en contra
611,Metropolitana,12,Manuel Jose Ossandon Lira,Jurgensen,Jurgensen,Garin,Rivera B.,Rivera B.,na,na,na,na,en contra,en contra,a favor,en contra,a favor,,a favor,en contra,en contra,en contra,en contra,a favor,a favor,a favor,a favor,,en contra ,a favor ,en contra ,en contra ,en contra ,a favor ,en contra ,,a favor ,a favor ,en contra ,en contra ,en contra ,a favor ,a favor,a favor ,a favor ,a favor,,en contra ,,,en contra ,en contra ,en contra ,en contra ,a favor 
624,Metropolitana,12,Giovanna Jazmin Grandon Caro,Godoy,Loncon,Rojas,Rojas,Rojas,na,na,na,na,opción dos,opción uno,a favor,en contra,a favor,,en contra,a favor,a favor,en contra,a favor,en contra,en contra,en contra ,en contra ,a favor ,a favor ,en contra,en contra ,en contra ,a favor ,a favor ,en contra ,a favor ,en contra ,a favor ,a favor ,en contra ,a favor ,a favor ,a favor,a favor ,a favor ,a favor,a favor ,a favor,abstencion,abstencion,a favor ,a favor ,en contra ,a favor,en contra
630,Metropolitana,12,Beatriz De Jesus Sanchez Muñoz,Loncon,Loncon,Bassa,Bassa,Bassa,na,na,na,na,opción uno,opción uno,a favor,a favor,a favor,,en contra,en contra,en contra,a favor,en contra,en contra,a favor,en contra ,en contra ,a favor ,en contra ,a favor ,a favor ,a favor ,en contra ,a favor ,a favor ,en contra ,en contra ,a favor ,a favor ,a favor ,a favor ,a favor ,a favor,a favor ,a favor ,a favor,a favor ,abstencion ,abstencion,abstencion,abstencion,abstencion,en contra ,abstencion,en contra
638,Metropolitana,12,Benito Jose Baranda Ferran,Politzer,Politzer,Dominguez,Bassa,Bassa,na,na,na,na,opción dos,opción uno,a favor,a favor,a favor,,en contra,a favor,en contra,en contra,en contra,a favor,a favor,en contra ,en contra ,a favor ,en contra ,,en contra ,a favor ,a favor ,a favor ,en contra ,a favor ,en contra ,a favor ,a favor ,,a favor ,a favor ,a favor,a favor ,a favor ,a favor,a favor ,abstencion ,abstencion,a favor ,abstencion,abstencion,en contra ,a favor,abstencion
640,Metropolitana,12,Juan Jose Martin Bravo,Politzer,Politzer,Dominguez,Bassa,Bassa,na,na,na,na,opción uno,opción uno,a favor,a favor,a favor,,en contra,a favor,en contra,en contra,en contra,a favor,a favor,en contra ,en contra ,a favor ,en contra ,en contra,en contra ,a favor ,a favor ,a favor ,en contra ,a favor ,en contra ,a favor ,a favor ,en contra ,a favor ,a favor ,a favor,a favor ,a favor ,a favor,a favor ,abstencion ,abstencion,a favor ,a favor ,a favor ,abstencion,a favor,abstencion
677,Metropolitana,13,Malucha Pinto Solari,Loncon,Loncon,Bassa,Bassa,Bassa,na,na,na,na,opción uno,opción uno,a favor,,a favor,,en contra,en contra,en contra,en contra,a favor,en contra,en contra,en contra ,en contra ,a favor ,en contra ,en contra,en contra ,a favor ,a favor ,a favor ,en contra ,a favor ,en contra ,a favor ,a favor ,en contra ,a favor ,a favor ,a favor,a favor ,a favor ,a favor,a favor ,abstencion ,abstencion,a favor ,abstencion,,en contra ,abstencion,en contra
682,Metropolitana,13,Marcos Patricio Barraza Gomez,Godoy,Loncon,Bassa,Bassa,Bassa,na,na,na,na,opción uno,opción uno,a favor,a favor,a favor,,en contra,a favor,a favor,en contra,a favor,en contra,en contra,en contra ,en contra ,a favor ,a favor ,en contra,en contra ,en contra ,a favor ,a favor ,en contra ,en contra ,en contra ,a favor ,en contra ,a favor ,a favor ,a favor ,a favor,a favor ,a favor ,a favor,a favor ,a favor,en contra ,en contra,abstencion,abstencion,en contra ,abstencion,en contra
697,Metropolitana,13,Ingrid Fernanda Villena Narbona,Godoy,Loncon,Rojas,Rojas,Rojas,na,na,na,na,opción dos,opción uno,a favor,a favor,a favor,,en contra,a favor,a favor,en contra,a favor,en contra,en contra,en contra ,en contra ,a favor ,a favor ,en contra,en contra ,en contra ,a favor ,abstencion,en contra ,a favor ,en contra ,abtencion,a favor ,en contra ,a favor ,a favor ,a favor,a favor ,a favor ,a favor,a favor ,a favor,en contra ,a favor ,abstencion,abstencion,en contra ,a favor,en contra
698,Metropolitana,13,Rodrigo Ernesto Rojas Vade,Godoy,Loncon,Rojas,Rojas,Rojas,na,na,na,na,opción dos,opción uno,a favor,en contra,a favor,,en contra,a favor,a favor,en contra,a favor,en contra,en contra,en contra ,en contra ,a favor ,a favor,en contra,en contra ,en contra ,a favor ,a favor ,en contra ,a favor ,en contra ,a favor ,a favor ,en contra ,a favor ,a favor ,a favor,a favor ,a favor ,a favor,a favor ,a favor,abstencion,en contra,a favor ,a favor ,en contra ,a favor,en contra
711,Metropolitana,14,Claudia Mabel Castro Gutierrez,Jurgensen,Jurgensen,Rivera B.,Rivera B.,Rivera B.,na,na,na,na,en contra,en contra,en contra,en contra,a favor,,a favor,en contra,en contra,abstención,en contra,a favor,a favor,a favor,a favor,en contra ,en contra ,abstencion,en contra ,abstencion ,en contra ,a favor ,en contra ,en contra ,a favor ,a favor ,en contra ,en contra ,en contra ,en contra ,a favor,a favor ,a favor ,a favor,a favor ,en contra ,abstencion,en contra,en contra ,en contra ,en contra ,en contra ,a favor 
720,Metropolitana,14,Renato Fabrizio Garin Gonzalez,Loncon,Loncon,Garin,Rojas,Rojas,na,na,na,na,opción uno,opción uno,a favor,a favor,a favor,,en contra,a favor,a favor,en contra,a favor,a favor,a favor,en contra ,en contra ,a favor ,a favor ,a favor ,en contra ,en contra ,a favor ,,en contra ,a favor ,,,,,,a favor ,a favor,a favor ,a favor ,a favor,a favor ,a favor,en contra ,a favor ,en contra ,en contra ,en contra ,en contra ,en contra
724,Metropolitana,14,Ignacio Jaime Achurra Diaz,Loncon,Loncon,Bassa,Bassa,Bassa,na,na,na,na,opción uno,opción uno,a favor,a favor,a favor,,en contra,en contra,en contra,a favor,a favor,en contra,a favor,en contra ,en contra ,a favor ,en contra ,a favor ,a favor ,a favor ,en contra ,a favor ,a favor ,a favor ,en contra ,a favor ,a favor ,a favor ,a favor ,a favor ,a favor,a favor ,a favor ,a favor,a favor ,abstencion ,abstencion,abstencion,abstencion,abstencion,en contra ,abstencion,en contra
730,Metropolitana,14,Francisco Javier Caamaño Rojas,Godoy,Loncon,Rojas,Rojas,Rojas,na,na,na,na,opción dos,opción uno,a favor,a favor,a favor,,en contra,a favor,a favor,en contra,a favor,en contra,,en contra ,en contra ,a favor ,a favor ,en contra,,en contra ,a favor ,a favor ,,a favor ,en contra ,a favor ,a favor ,en contra ,a favor ,a favor ,a favor,a favor ,a favor ,a favor,a favor ,a favor,en contra ,a favor ,abstencion,abstencion,en contra ,abstencion,en contra
734,Metropolitana,14,Paulina Valeria Valenzuela Rio,Politzer,Politzer,Dominguez,Bassa,Bassa,na,na,na,na,abstención,opción uno,a favor,a favor,a favor,,en contra,a favor,en contra,en contra,en contra,a favor,a favor,en contra ,en contra ,a favor ,en contra ,a favor ,en contra ,a favor ,a favor ,a favor ,en contra ,a favor ,en contra ,a favor ,a favor ,,a favor ,a favor ,a favor,a favor ,a favor ,a favor,a favor ,,a favor ,a favor ,a favor ,a favor ,en contra ,a favor,en contra
740,O'Higgins,15,Alvin Antonio Saldaña Muñoz,Loncon,Loncon,Dorador,Rojas,Bassa,na,na,na,na,opción dos,opción uno,a favor,en contra,a favor,,en contra,a favor,a favor,en contra,a favor,en contra,en contra,en contra ,en contra ,a favor ,a favor,en contra,en contra ,en contra ,a favor ,a favor ,en contra ,a favor ,en contra ,a favor ,a favor ,a favor ,a favor ,a favor ,a favor,a favor ,a favor ,a favor,a favor ,a favor,en contra ,en contra,abstencion,abstencion,en contra ,a favor,en contra
750,O'Higgins,15,Carol Bown Sepulveda,Jurgensen,Jurgensen,Rivera B.,Rivera B.,Rivera B.,na,na,na,na,en contra,en contra,a favor,en contra,a favor,,a favor,en contra,en contra,abstención,en contra,a favor,a favor,a favor,a favor,en contra ,en contra ,abstencion,en contra ,a favor ,en contra ,a favor ,en contra ,en contra ,a favor ,a favor ,en contra ,,en contra ,en contra ,a favor,a favor ,a favor ,a favor,a favor ,en contra ,abstencion,en contra,en contra ,en contra ,en contra ,en contra ,a favor 
757,O'Higgins,15,Matias Orellana Cuellar,Loncon,Loncon,Bassa,Bassa,Bassa,na,na,na,na,opción uno,opción uno,a favor,a favor,a favor,,en contra,en contra,en contra,a favor,a favor,en contra,a favor,en contra ,en contra ,a favor ,en contra ,en contra,en contra ,a favor ,a favor ,a favor ,en contra ,a favor ,en contra ,a favor ,a favor ,en contra ,en contra ,a favor ,a favor,a favor ,a favor ,a favor,a favor ,abstencion ,abstencion,a favor ,en contra ,abstencion,en contra ,en contra ,en contra
762,O'Higgins,15,Loreto Cristina Vallejos Davila,Loncon,Loncon,Rojas,Rojas,Rojas,na,na,na,na,opción dos,opción uno,a favor,a favor,a favor,,en contra,a favor,a favor,en contra,a favor,en contra,en contra,en contra ,en contra ,a favor ,a favor,en contra,en contra ,en contra ,a favor ,a favor ,en contra ,a favor ,en contra ,a favor ,a favor ,en contra ,a favor ,a favor ,a favor,a favor ,a favor ,a favor,a favor ,a favor,en contra ,en contra,en contra ,en contra ,en contra ,en contra ,en contra
769,O'Higgins,15,Damaris Abarca Gonzalez,Loncon,Loncon,Bassa,Bassa,Bassa,na,na,na,na,opción uno,,a favor,a favor,a favor,,en contra,en contra,en contra,a favor,a favor,en contra,a favor,abstencion,en contra ,a favor ,en contra ,a favor ,a favor ,a favor ,a favor ,a favor ,a favor ,abstencion ,en contra ,a favor ,en contra ,a favor ,a favor ,a favor ,a favor,a favor ,a favor ,a favor,a favor ,abstencion ,abstencion,abstencion,a favor ,abstencion,en contra ,abstencion,en contra
787,O'Higgins,16,Ricardo Neumann Bertin,Jurgensen,Jurgensen,Rivera B.,Rivera B.,Rivera B.,na,na,na,na,en contra,en contra,a favor,en contra,a favor,,a favor,en contra,en contra,abstención,en contra,a favor,a favor,a favor,a favor,en contra ,en contra ,abstencion,en contra ,abstencion ,en contra ,a favor ,en contra ,en contra ,a favor ,a favor ,en contra ,en contra ,en contra ,en contra ,a favor,a favor ,a favor ,abstencion,a favor ,en contra ,abstencion,abstencion,en contra ,en contra ,en contra ,en contra ,a favor 
793,O'Higgins,16,Adriana Cancino Meneses,Loncon,Loncon,Bassa,Bassa,Bassa,na,na,na,na,opción uno,opción uno,a favor,,a favor,,en contra,en contra,en contra,en contra,a favor,en contra,en contra,en contra ,en contra ,a favor ,en contra ,en contra,en contra ,a favor ,a favor ,a favor ,en contra ,a favor ,en contra ,a favor ,a favor ,en contra ,a favor ,a favor ,a favor,a favor ,a favor ,a favor,a favor ,abstencion ,abstencion,abstencion,abstencion,abstencion,en contra ,abstencion,abstencion
802,O'Higgins,16,Nicolas Fernando Nuñez Gangas,Godoy,Loncon,Bassa,Bassa,Bassa,na,na,na,na,opción dos,opción uno,a favor,a favor,,,en contra,a favor,a favor,en contra,a favor,en contra,en contra,en contra ,en contra ,a favor ,a favor,en contra,en contra ,en contra ,a favor ,a favor ,en contra ,en contra ,en contra ,a favor ,en contra ,,a favor ,a favor ,a favor,a favor ,a favor ,a favor,a favor ,a favor,en contra ,en contra,abstencion,abstencion,en contra ,en contra ,en contra
805,O'Higgins,16,Gloria Del Transito Alvarado Jorquera,Loncon,Loncon,Dorador,Bassa,Bassa,na,na,na,na,opción uno,opción uno,a favor,a favor,a favor,,en contra,a favor,a favor,en contra,a favor,en contra,en contra,en contra ,en contra ,a favor ,a favor ,en contra,en contra ,abstencion ,a favor ,a favor ,en contra ,a favor ,en contra ,a favor ,a favor ,en contra ,a favor ,a favor ,a favor,a favor ,a favor ,a favor,a favor ,a favor,en contra ,en contra,en contra ,abstencion,en contra ,abstencion,en contra
815,Maule,17,Maria Elisa Quinteros Caceres,Loncon,Loncon,Dorador,Rojas,Bassa,na,na,na,na,opción uno,opción uno,a favor,en contra,a favor,,en contra,a favor,a favor,en contra,a favor,en contra,en contra,en contra ,en contra ,a favor ,a favor,en contra,en contra ,en contra ,a favor ,a favor ,en contra ,a favor ,en contra ,a favor ,a favor ,en contra ,a favor ,a favor ,a favor,a favor ,a favor ,a favor,a favor ,a favor,en contra ,en contra,en contra ,en contra ,en contra ,en contra ,en contra
823,Maule,17,Barbara Rebolledo Aguirre,Jurgensen,Jurgensen,Rivera B.,Rivera B.,Rivera B.,na,na,na,na,en contra,en contra,a favor,abstencion,a favor,,a favor,en contra,en contra,abstención,en contra,a favor,a favor,a favor,a favor,en contra ,en contra ,abstencion,en contra ,a favor ,en contra ,a favor ,en contra ,en contra ,a favor ,a favor ,en contra ,en contra ,en contra ,a favor ,a favor,a favor ,a favor ,a favor,a favor ,abstencion ,abstencion,a favor ,en contra ,en contra ,abstencion,a favor,a favor 
826,Maule,17,Alfredo Moreno Echeverria,Jurgensen,Jurgensen,Rivera B.,Rivera B.,Rivera B.,na,na,na,na,en contra,en contra,a favor,en contra,a favor,,a favor,en contra,en contra,abstención,en contra,a favor,a favor,a favor,a favor,en contra ,en contra ,abstencion,en contra ,a favor ,en contra ,a favor ,en contra ,en contra ,a favor ,a favor ,en contra ,en contra ,en contra ,a favor ,a favor,a favor ,a favor ,a favor,a favor ,abstencion ,abstencion,abstencion,en contra ,en contra ,abstencion,abstencion,a favor 
838,Maule,17,Christian Viera Alvarez,Loncon,Loncon,Bassa,Bassa,Bassa,na,na,na,na,opción uno,opción uno,a favor,a favor,a favor,,en contra,en contra,en contra,a favor,a favor,en contra,a favor,a favor,en contra ,a favor ,en contra ,a favor ,a favor ,a favor ,a favor ,a favor ,a favor ,a favor ,en contra ,a favor ,a favor ,a favor ,a favor ,a favor ,a favor,a favor ,a favor ,a favor,a favor ,abstencion ,abstencion,abstencion,abstencion,abstencion,en contra ,abstencion,en contra
852,Maule,17,Paola Alejandra Grandon Gonzalez,Godoy,Loncon,Bassa,Bassa,Bassa,na,na,na,na,opción dos,opción uno,a favor,a favor,,,en contra,a favor,a favor,en contra,a favor,en contra,en contra,en contra ,en contra ,a favor ,a favor ,en contra,en contra ,en contra ,a favor ,a favor ,en contra ,en contra ,en contra ,a favor ,en contra ,en contra ,a favor ,a favor ,,,,,,,,,,,,,
853,Maule,17,Roberto Antonio Celedon Fernandez,Loncon,Loncon,Bassa,Bassa,Bassa,na,na,na,na,abstención,opción uno,a favor,,a favor,,en contra,a favor,a favor,en contra,a favor,en contra,a favor,en contra ,en contra ,a favor ,abstencion,en contra,en contra ,en contra ,a favor ,a favor ,en contra ,a favor ,en contra ,a favor ,a favor ,,,,a favor,a favor ,a favor ,a favor,a favor ,a favor,abstencion,abstencion,abstencion,abstencion,en contra ,abstencion,en contra
856,Maule,17,Elsa Carolina Labraña Pino,Godoy,Loncon,Rojas,Rojas,Rojas,na,na,na,na,opción dos,opción uno,a favor,abstencion,a favor,,en contra,a favor,a favor,en contra,a favor,,,en contra ,en contra ,a favor ,a favor ,en contra,en contra ,a favor ,a favor ,a favor ,en contra ,a favor ,en contra ,a favor ,,en contra ,a favor ,a favor ,a favor,a favor ,a favor ,a favor,a favor ,a favor,a favor ,a favor ,a favor ,a favor ,en contra ,a favor,en contra
868,Maule,18,Patricia Labra Besserer,Jurgensen,Jurgensen,Rivera B.,Rivera B.,Rivera B.,na,na,na,na,abstención,,en contra,en contra,a favor,,a favor,en contra,en contra,abstención,en contra,a favor,a favor,a favor,a favor,en contra ,en contra ,abstencion,en contra ,en contra ,en contra ,a favor ,en contra ,en contra ,a favor ,a favor ,en contra ,en contra ,en contra ,a favor ,a favor,a favor ,a favor ,a favor,a favor ,en contra ,,a favor ,en contra ,en contra ,abstencion,a favor,a favor 
879,Maule,18,Ricardo Montero Allende,Loncon,Loncon,Bassa,Bassa,Bassa,na,na,na,na,opción uno,opción uno,a favor,a favor,a favor,,en contra,en contra,en contra,a favor,,en contra,a favor,en contra ,en contra ,en contra ,en contra ,en contra,en contra ,a favor ,a favor ,a favor ,en contra ,a favor ,en contra ,a favor ,a favor ,en contra ,en contra ,a favor ,a favor,a favor ,a favor ,a favor,a favor ,abstencion ,abstencion,a favor ,en contra ,en contra ,en contra ,en contra ,en contra
885,Maule,18,Francisca Marycarmen Arauna Urrutia,Godoy,Loncon,Rojas,Rojas,Rojas,na,na,na,na,opción dos,opción uno,a favor,a favor,a favor,,en contra,a favor,a favor,en contra,a favor,en contra,en contra,en contra ,en contra ,a favor ,a favor ,en contra,en contra ,en contra ,a favor ,a favor ,en contra ,a favor ,en contra ,a favor ,a favor ,en contra ,a favor ,a favor ,a favor,a favor ,a favor ,a favor,a favor ,a favor,en contra ,a favor ,abstencion,abstencion,en contra ,a favor,en contra
888,Maule,18,Fernando Salinas Manfredini,Godoy,Loncon,Garin,Rojas,Rojas,na,na,na,na,opción dos,opción uno,a favor,a favor,a favor,,en contra,a favor,a favor,en contra,a favor,en contra,abstencion,en contra ,en contra ,a favor ,a favor,en contra,en contra ,abstencion ,a favor ,a favor ,en contra ,a favor ,en contra ,a favor ,a favor ,a favor ,a favor ,a favor ,,,,,,,,,,,,,
895,Ñuble,19,Cesar Uribe Araya,Godoy,Loncon,Rojas,Rojas,Rojas,na,na,na,na,opción dos,opción uno,a favor,a favor,a favor,,en contra,a favor,a favor,en contra,a favor,en contra,en contra,en contra ,en contra ,a favor ,a favor,en contra,,en contra ,a favor ,a favor ,,a favor ,en contra ,a favor ,a favor ,en contra ,a favor ,a favor ,a favor,a favor ,a favor ,a favor,a favor ,abstencion ,abstencion,a favor ,abstencion,a favor ,en contra ,a favor,en contra
900,Ñuble,19,Margarita Letelier Cortes,Jurgensen,Jurgensen,Rivera B.,Rivera B.,Rivera B.,na,na,na,na,en contra,en contra,en contra,en contra,a favor,,a favor,en contra,en contra,abstención,en contra,a favor,a favor,a favor,a favor,en contra ,en contra ,abstencion,en contra ,a favor ,en contra ,a favor ,en contra ,en contra ,a favor ,a favor ,en contra ,,en contra ,en contra ,en contra ,a favor ,a favor ,a favor,a favor ,en contra ,en contra ,a favor ,en contra ,en contra ,en contra ,en contra ,a favor 
901,Ñuble,19,Martin Arrau Garcia-Huidobro,Jurgensen,Jurgensen,Rivera B.,Rivera B.,Rivera B.,na,na,na,na,en contra,en contra,en contra,en contra,a favor,,a favor,en contra,en contra,en contra,en contra,a favor,a favor,a favor,a favor,en contra ,en contra ,abstencion,en contra ,a favor ,en contra ,a favor ,en contra ,en contra ,a favor ,a favor ,en contra ,en contra ,en contra ,en contra ,en contra ,a favor ,a favor ,en contra ,a favor ,en contra ,en contra ,a favor ,en contra ,en contra ,en contra ,en contra ,a favor 
907,Ñuble,19,Felipe Harboe Bascuñan,Politzer,Politzer,Logan,Bassa,Bassa,na,na,na,na,en contra,en contra,,,,,,,,,,,,,,,,,,,,,,,,,,, ,,,,,,,,,,abstencion,en contra ,,,
911,Ñuble,19,Carolina Andrea Sepulveda Sepulveda,Politzer,Politzer,Dominguez,Bassa,Bassa,na,na,na,na,opción uno,opción uno,a favor,en contra,a favor,,en contra,Abstención,en contra,en contra,en contra,a favor,a favor,en contra ,en contra ,a favor ,en contra ,abstencion,en contra ,a favor ,a favor ,a favor ,en contra ,a favor ,en contra ,a favor ,a favor ,en contra ,a favor ,a favor ,a favor,a favor ,a favor ,a favor,a favor ,abstencion ,abstencion,a favor ,a favor ,abstencion,abstencion,a favor,abstencion
930,Bío-Bío,20,Tammy Solange Pustilnick Arditi,Politzer,Politzer,Dominguez,Bassa,Bassa,na,na,na,na,abstención,abstención,a favor,a favor,a favor,,en contra,a favor,en contra,en contra,en contra,a favor,a favor,en contra ,en contra ,a favor ,en contra ,a favor ,en contra ,a favor ,a favor ,a favor ,en contra ,a favor ,en contra ,a favor ,a favor ,,a favor ,a favor ,a favor,a favor ,a favor ,a favor,,abstencion ,abstencion,,,,en contra ,abstencion,
946,Bío-Bío,20,Rocio Cantuarias Rubio,Jurgensen,Jurgensen,Rivera B.,Rivera B.,Rivera B.,na,na,na,na,en contra,en contra,en contra,en contra,a favor,,a favor,en contra,en contra,abstención,en contra,a favor,a favor,a favor,a favor,en contra ,en contra ,abstencion,en contra ,abstencion ,en contra ,a favor ,en contra ,en contra ,a favor ,a favor ,en contra ,en contra ,en contra ,en contra ,en contra ,a favor ,a favor ,en contra ,a favor ,en contra ,en contra ,a favor ,en contra ,en contra ,en contra ,en contra ,a favor 
949,Bío-Bío,20,Luciano Ernesto Silva Mora,Jurgensen,Politzer,Garin,Bassa,Bassa,na,na,na,na,en contra,en contra,a favor,en contra,a favor,,a favor,en contra,en contra,abstención,en contra,a favor,a favor,a favor,a favor,en contra ,en contra ,abstencion,en contra ,abstencion ,en contra ,a favor ,en contra ,en contra ,a favor ,a favor ,en contra ,en contra ,en contra ,en contra ,a favor,a favor ,a favor ,a favor,a favor ,en contra ,abstencion,abstencion,abstencion,abstencion,abstencion,a favor,abstencion
955,Bío-Bío,20,Andres Cruz Carrasco,Loncon,Loncon,Bassa,Bassa,Bassa,na,na,na,na,en contra,en contra,a favor,a favor,a favor,,en contra,en contra,en contra,a favor,en contra,a favor,a favor,a favor,en contra ,en contra ,en contra ,en contra,en contra ,a favor ,a favor ,a favor ,en contra ,a favor ,en contra ,a favor ,a favor ,en contra ,en contra ,a favor ,a favor,a favor ,a favor ,a favor,a favor ,en contra ,a favor ,a favor ,en contra ,a favor ,a favor ,a favor,a favor 
968,Bío-Bío,20,Amaya Paulina Alvez Marin,Loncon,Loncon,Bassa,Bassa,Bassa,na,na,na,na,opción uno,opción uno,a favor,a favor,a favor,,en contra,en contra,en contra,a favor,a favor,en contra,a favor,a favor,en contra ,a favor ,en contra ,a favor ,a favor ,a favor ,a favor ,a favor ,a favor ,abstencion ,en contra ,a favor ,a favor ,a favor ,a favor ,a favor ,a favor,a favor ,a favor ,a favor,a favor ,a favor,abstencion,abstencion,a favor ,abstencion,en contra ,abstencion,en contra
972,Bío-Bío,20,Rossana Loreto Vidal Hernandez,Politzer,Loncon,Rojas,Rojas,Rojas,na,na,na,na,opción dos,opción uno,a favor,en contra,a favor,,en contra,a favor,a favor,en contra,a favor,en contra,abstencion,en contra ,en contra ,a favor ,a favor ,en contra,en contra ,a favor ,a favor ,a favor ,en contra ,a favor ,en contra ,a favor ,a favor ,a favor ,a favor ,a favor ,a favor,a favor ,a favor ,a favor,a favor ,a favor,a favor ,en contra,a favor ,a favor ,en contra ,abstencion,en contra
981,Bío-Bío,20,Bastian Esteban Labbe Salazar,Loncon,Loncon,Rojas,Rojas,Rojas,na,na,na,na,opción dos,opción uno,a favor,en contra,a favor,,en contra,a favor,a favor,en contra,a favor,en contra,en contra,en contra ,en contra ,a favor ,a favor ,en contra,en contra ,en contra ,a favor ,a favor ,en contra ,a favor ,en contra ,a favor ,a favor ,en contra ,a favor ,a favor ,a favor,a favor ,a favor ,a favor,,a favor,en contra ,en contra,en contra ,en contra ,en contra ,en contra ,en contra
1001,Bío-Bío,21,Paulina Veloso Muñoz,Jurgensen,Politzer,Rivera B.,Rivera B.,Rivera B.,na,na,na,na,en contra,en contra,a favor,en contra,a favor,,a favor,en contra,en contra,abstención,en contra,a favor,a favor,a favor,a favor,en contra ,en contra ,abstencion,en contra ,abstencion ,en contra ,a favor ,en contra ,en contra ,a favor ,a favor ,abstencion,en contra ,en contra ,a favor ,,,,a favor,a favor ,abstencion ,abstencion,a favor ,abstencion,abstencion,,,
1008,Bío-Bío,21,Luis Ramon Barcelo Amado,Politzer,Loncon,Logan,Bassa,Bassa,na,na,na,na,abstención,abstención,a favor,en contra,a favor,,en contra,a favor,en contra,en contra,en contra,a favor,a favor,a favor,en contra ,en contra ,en contra ,a favor ,a favor ,a favor ,en contra ,en contra ,a favor ,a favor ,a favor ,en contra ,en contra ,a favor ,a favor ,a favor ,a favor,a favor ,a favor ,a favor,a favor ,abstencion ,abstencion,a favor ,en contra ,en contra ,a favor ,en contra ,en contra
1013,Bío-Bío,21,Vanessa Camila Hoppe Espoz,Loncon,Loncon,Dorador,Rojas,Bassa,na,na,na,na,opción uno,opción uno,a favor,en contra,a favor,,en contra,a favor,a favor,en contra,a favor,en contra,en contra,en contra ,en contra ,a favor ,a favor ,en contra,en contra ,en contra ,a favor ,a favor ,en contra ,a favor ,en contra ,a favor ,a favor ,en contra ,a favor ,a favor ,a favor,a favor ,a favor ,a favor,a favor ,a favor,en contra ,en contra,abstencion,abstencion,en contra ,,
1019,Bío-Bío,21,Javier Fuchslocher Baeza,Politzer,Politzer,Dominguez,Bassa,Bassa,na,na,na,na,abstención,abstención,a favor,en contra,a favor,,en contra,a favor,en contra,en contra,en contra,a favor,a favor,en contra ,en contra ,a favor ,en contra ,abstencion,en contra ,a favor ,a favor ,a favor ,en contra ,a favor ,en contra ,a favor ,a favor ,en contra ,a favor ,a favor ,,,,,,,,,,,,,
1029,Araucanía,22,Ruth Hurtado Olave,Jurgensen,Jurgensen,Rivera B.,Rivera B.,Rivera B.,na,na,na,na,en contra,en contra,a favor,en contra,a favor,,a favor,en contra,en contra,abstención,en contra,a favor,a favor,a favor,a favor,en contra ,en contra ,a favor ,en contra ,en contra ,en contra ,a favor ,en contra ,en contra ,a favor ,a favor ,en contra ,en contra ,,a favor ,a favor,a favor ,a favor ,a favor,a favor ,en contra ,abstencion,a favor ,en contra ,en contra ,en contra ,en contra ,a favor 
1034,Araucanía,22,Eduardo Andres Cretton Rebolledo,Jurgensen,Jurgensen,Rivera B.,Rivera B.,Rivera B.,na,na,na,na,en contra,en contra,a favor,en contra,a favor,,a favor,en contra,en contra,abstención,en contra,a favor,a favor,a favor,a favor,en contra ,en contra ,abstencion,en contra ,abstencion ,en contra ,a favor ,en contra ,en contra ,a favor ,a favor ,en contra ,en contra ,en contra ,en contra ,a favor,a favor ,a favor ,a favor,a favor ,en contra ,en contra ,en contra,en contra ,en contra ,a favor ,en contra ,a favor 
1038,Araucanía,22,Fuad Chahin Valenzuela,Politzer,Loncon,Logan,Bassa,Bassa,na,na,na,na,abstención,abstención,a favor,a favor,a favor,,en contra,a favor,en contra,en contra,en contra,a favor,a favor,a favor,en contra ,a favor ,en contra ,a favor ,en contra ,a favor ,en contra ,,en contra ,a favor ,en contra ,,,,a favor ,a favor ,,,a favor ,a favor,a favor ,abstencion ,abstencion,abstencion,abstencion,abstencion,abstencion,abstencion,abstencion
1061,Araucanía,23,Helmuth Jacobo Martinez Llancapan,Loncon,Loncon,Bassa,Rojas,Rojas,na,na,na,na,opción dos,opción uno,a favor,en contra,a favor,,en contra,a favor,a favor,en contra,a favor,en contra,a favor,en contra ,en contra ,a favor ,a favor ,en contra,en contra ,en contra ,a favor ,a favor ,en contra ,a favor ,en contra ,a favor ,a favor ,en contra ,a favor ,a favor ,a favor,a favor ,a favor ,a favor,a favor ,a favor,abstencion,abstencion,abstencion,a favor ,abstencion,a favor,abstencion
1073,Araucanía,23,Angelica Tepper Kolossa,Jurgensen,Jurgensen,Rivera B.,Rivera B.,Rivera B.,na,na,na,na,en contra,en contra,a favor,en contra,a favor,,a favor,en contra,en contra,en contra,en contra,a favor,a favor,a favor,a favor,en contra ,en contra ,abstencion,en contra ,en contra ,en contra ,a favor ,en contra ,en contra ,a favor ,a favor ,en contra ,en contra ,en contra ,en contra ,a favor,a favor ,a favor ,a favor,a favor ,en contra ,abstencion,a favor ,abstencion,abstencion,en contra ,abstencion,a favor 
1074,Araucanía,23,Luis Mayol Bouchon,Jurgensen,Jurgensen,Rivera B.,Rivera B.,Rivera B.,na,na,na,na,,,a favor,en contra,a favor,,a favor,en contra,en contra,abstención,en contra,a favor,a favor,a favor,a favor,en contra ,en contra ,abstencion,en contra ,a favor ,en contra ,a favor ,en contra ,en contra ,a favor ,a favor ,en contra ,en contra ,en contra ,en contra ,a favor,a favor ,a favor ,abstencion,a favor ,en contra ,abstencion,en contra,en contra ,en contra ,en contra ,abstencion,a favor 
1081,Araucanía,23,Eduardo Guillermo Castillo Vigouroux,Politzer,Loncon,Dominguez,Bassa,Bassa,na,na,na,na,abstención,abstención,a favor,a favor,a favor,,en contra,a favor,en contra,en contra,en contra,a favor,a favor,a favor,en contra ,a favor ,en contra ,a favor ,a favor ,a favor ,a favor ,a favor ,a favor ,a favor ,en contra ,a favor ,a favor ,en contra ,,a favor ,a favor,a favor ,a favor ,a favor,a favor ,en contra ,abstencion,abstencion,abstencion,abstencion,en contra ,abstencion,abstencion
1087,Araucanía,23,Manuela Royo Letelier,Loncon,Loncon,Rojas,Rojas,Bassa,na,na,na,na,opción uno,opción uno,a favor,a favor,a favor,,en contra,a favor,a favor,en contra,a favor,en contra,a favor,en contra ,en contra ,a favor ,a favor,en contra,en contra ,a favor ,a favor ,a favor ,en contra ,a favor ,en contra ,a favor ,a favor ,en contra ,a favor ,a favor ,a favor,a favor ,a favor ,a favor,a favor ,a favor,a favor ,a favor ,a favor ,a favor ,en contra ,a favor,en contra
1108,Araucanía,23,Lorena Del Pilar Cespedes Fernandez,Politzer,Politzer,Dominguez,Bassa,Bassa,na,na,na,na,abstención,opción uno,a favor,en contra,a favor,,en contra,en contra,en contra,en contra,en contra,a favor,a favor,en contra ,en contra ,a favor ,en contra ,abstencion,en contra ,a favor ,a favor ,a favor ,en contra ,a favor ,en contra ,a favor ,a favor ,en contra ,a favor ,a favor ,,,,,a favor ,en contra ,abstencion,a favor ,abstencion,abstencion,abstencion,abstencion,en contra
1132,Los Ríos,24,Felipe Ignacio Mena Villar,Jurgensen,Jurgensen,Rivera B.,Rivera B.,Rivera B.,na,na,na,na,en contra,en contra,a favor,en contra,a favor,,a favor,en contra,en contra,abstención,en contra,a favor,a favor,a favor,a favor,en contra ,en contra ,abstencion,en contra ,a favor ,en contra ,a favor ,en contra ,en contra ,a favor ,a favor ,en contra ,,en contra ,en contra ,a favor,a favor ,a favor ,a favor,a favor ,en contra ,en contra ,a favor ,en contra ,en contra ,en contra ,en contra ,a favor 
1137,Los Ríos,24,Ramona Reyes Painequeo,Loncon,Loncon,Bassa,Bassa,Bassa,na,na,na,na,opción uno,opción uno,a favor,a favor,a favor,,en contra,en contra,en contra,a favor,a favor,en contra,a favor,en contra ,en contra ,en contra ,en contra ,en contra,en contra ,a favor ,a favor ,a favor ,en contra ,a favor ,en contra ,a favor ,a favor ,en contra ,en contra ,a favor ,a favor,a favor ,a favor ,a favor,a favor ,abstencion ,a favor ,a favor ,a favor ,a favor ,abstencion,a favor,en contra
1140,Los Ríos,24,Pedro Muñoz Leiva,Loncon,Loncon,Bassa,Bassa,Bassa,na,na,na,na,opción uno,opción uno,a favor,a favor,a favor,,en contra,en contra,en contra,a favor,a favor,en contra,a favor,en contra ,en contra ,a favor ,en contra ,en contra,en contra ,a favor ,a favor ,a favor ,en contra ,a favor ,en contra ,a favor ,a favor ,en contra ,abstencion,a favor ,a favor,a favor ,a favor ,a favor,a favor ,abstencion ,abstencion,a favor ,en contra ,abstencion,en contra ,abstencion,abstencion
1143,Los Ríos,24,Aurora Genoveva Delgado Vergara,Loncon,Loncon,Bassa,Bassa,Bassa,na,na,na,na,opción uno,opción uno,a favor,a favor,a favor,,en contra,en contra,en contra,a favor,a favor,en contra,a favor,a favor,en contra ,a favor ,en contra ,a favor ,a favor ,a favor ,a favor ,a favor ,a favor ,a favor ,en contra ,a favor ,a favor ,a favor ,a favor ,a favor ,a favor,a favor ,a favor ,a favor,a favor ,a favor,abstencion,abstencion,a favor ,abstencion,en contra ,abstencion,en contra
1158,Los Lagos,25,Maria Cecilia Ubilla Perez,Jurgensen,Jurgensen,Rivera B.,Rivera B.,Rivera B.,na,na,na,na,en contra,en contra,en contra,en contra,a favor,,a favor,en contra,en contra,abstención,en contra,a favor,a favor,a favor,a favor,en contra ,en contra ,abstencion,en contra ,abstencion ,en contra ,a favor ,en contra ,en contra ,a favor ,a favor ,en contra ,,en contra ,en contra ,a favor,a favor ,a favor ,abstencion,a favor ,en contra ,en contra ,en contra,en contra ,en contra ,en contra ,en contra ,a favor 
1161,Los Lagos,25,Harry Jurgensen Caesar,Jurgensen,Jurgensen,Rivera B.,Rivera B.,Rivera B.,na,na,na,na,,,en contra,en contra,a favor,,a favor,en contra,en contra,abstención,en contra,a favor,a favor,a favor,a favor,en contra ,en contra ,abstencion,en contra ,abstencion ,en contra ,a favor ,en contra ,en contra ,a favor ,a favor ,en contra ,en contra ,en contra ,en contra ,a favor,a favor ,a favor ,a favor,a favor ,en contra ,en contra ,abstencion,en contra ,en contra ,abstencion,abstencion,a favor 
1168,Los Lagos,25,Mario Vargas Vidal,Loncon,Loncon,Bassa,Bassa,Bassa,na,na,na,na,opción uno,opción uno,a favor,a favor,a favor,,en contra,en contra,en contra,a favor,a favor,en contra,a favor,en contra ,en contra ,en contra ,en contra ,en contra,en contra ,a favor ,a favor ,a favor ,en contra ,a favor ,en contra ,a favor ,a favor ,en contra ,a favor ,a favor ,a favor,a favor ,a favor ,a favor,a favor ,a favor,abstencion,a favor ,abstencion,abstencion,abstencion,abstencion,en contra
1184,Los Lagos,26,Adriana Camila Ampuero Barrientos,Godoy,Loncon,Rojas,Rojas,Rojas,na,na,na,na,opción dos,opción uno,a favor,a favor,a favor,,en contra,a favor,a favor,en contra,a favor,en contra,a favor,en contra ,en contra ,a favor ,a favor,en contra,en contra ,en contra ,a favor ,a favor ,en contra ,a favor ,en contra ,a favor ,a favor ,en contra ,a favor ,a favor ,a favor,a favor ,a favor ,a favor,a favor ,abstencion ,en contra ,en contra,abstencion,en contra ,en contra ,en contra ,en contra
1190,Los Lagos,26,Katerine Montealegre Navarro,Jurgensen,Jurgensen,Rivera B.,Rivera B.,Rivera B.,na,na,na,na,en contra,en contra,en contra,en contra,a favor,,a favor,en contra,en contra,abstención,en contra,a favor,a favor,a favor,a favor,en contra ,en contra ,abstencion,en contra ,en contra ,en contra ,a favor ,en contra ,en contra ,a favor ,a favor ,en contra ,en contra ,en contra ,en contra ,en contra ,a favor ,a favor ,abstencion,a favor ,en contra ,en contra ,en contra,en contra ,en contra ,,,
1197,Los Lagos,26,Julio Alvarez Pinto,Loncon,Loncon,Bassa,Bassa,Bassa,na,na,na,na,opción uno,opción uno,a favor,en contra,a favor,,en contra,en contra,en contra,a favor,a favor,en contra,a favor,en contra ,en contra ,en contra ,en contra ,en contra,en contra ,a favor ,a favor ,a favor ,en contra ,a favor ,en contra ,a favor ,a favor ,en contra ,,,a favor,a favor ,a favor ,a favor,a favor ,abstencion ,en contra ,abstencion,abstencion,abstencion,en contra ,abstencion,en contra
1212,Los Lagos,26,Gaspar Roberto Dominguez Donoso,Politzer,Politzer,Dominguez,Bassa,Bassa,na,na,na,na,opción dos,opción uno,a favor,a favor,a favor,,en contra,a favor,en contra,en contra,en contra,a favor,a favor,a favor,en contra ,a favor ,en contra ,en contra,en contra ,a favor ,a favor ,a favor ,en contra ,a favor ,en contra ,a favor ,a favor ,,a favor ,a favor ,a favor,a favor ,a favor ,a favor,a favor ,en contra ,abstencion,a favor ,abstencion,abstencion,en contra ,abstencion,en contra
1223,Aysén,27,Geoconda Navarrete Arratia,Jurgensen,Jurgensen,Rivera B.,Rivera B.,Rivera B.,na,na,na,na,en contra,en contra,a favor,abstencion,a favor,,a favor,en contra,en contra,en contra,en contra,a favor,a favor,a favor,a favor,en contra ,en contra ,,en contra ,a favor ,abstencion ,a favor ,en contra ,,a favor ,a favor ,en contra ,en contra ,abstencion,a favor ,a favor,a favor ,a favor ,a favor,a favor ,abstencion ,abstencion,abstencion,en contra ,abstencion,en contra ,abstencion,a favor 
1229,Aysén,27,Tomas Laibe Saez,Loncon,Loncon,Bassa,Bassa,Bassa,na,na,na,na,opción uno,opción uno,a favor,a favor,a favor,,en contra,en contra,en contra,a favor,a favor,abstensión,a favor,en contra ,en contra ,en contra ,en contra ,en contra,en contra ,a favor ,abstencion ,a favor ,en contra ,a favor ,en contra ,a favor ,a favor ,a favor ,en contra ,a favor ,a favor,a favor ,a favor ,a favor,a favor ,en contra ,en contra ,en contra,en contra ,en contra ,en contra ,en contra ,en contra
1239,Aysén,27,Yarela Nicohl Gomez Sanchez,Loncon,Loncon,Bassa,Bassa,Bassa,na,na,na,na,opción uno,opción uno,a favor,a favor,a favor,,en contra,en contra,en contra,a favor,a favor,en contra,a favor,en contra ,en contra ,a favor ,en contra ,a favor ,,a favor ,a favor ,a favor ,,abstencion ,en contra ,a favor ,a favor ,a favor ,a favor ,a favor ,a favor,a favor ,a favor ,a favor,a favor ,abstencion ,abstencion,abstencion,abstencion,abstencion,en contra ,abstencion,en contra
1246,Magallanes,28,Mauricio Daza Carrasco,Godoy,Godoy,Daza,Bassa,Bassa,na,na,na,na,abstención,opción uno,a favor,a favor,a favor,,en contra,a favor,en contra,en contra,en contra,a favor,a favor,en contra ,en contra ,a favor ,en contra ,en contra,en contra ,abstencion ,a favor ,a favor ,en contra ,a favor ,en contra ,a favor ,a favor ,a favor ,a favor ,a favor ,a favor,a favor ,a favor ,a favor,a favor ,a favor,a favor ,a favor ,abstencion,a favor ,abstencion,a favor,abstencion
1252,Magallanes,28,Rodrigo Alvarez Zenteno,Jurgensen,Jurgensen,Rivera B.,Rivera B.,Rivera B.,na,na,na,na,en contra,en contra,a favor,en contra,a favor,,a favor,en contra,en contra,abstención,en contra,a favor,a favor,a favor,a favor,en contra ,en contra ,abstencion,en contra ,abstencion ,en contra ,a favor ,en contra ,en contra ,a favor ,a favor ,en contra ,en contra ,en contra ,en contra ,a favor,a favor ,a favor ,a favor,a favor ,a favor,abstencion,en contra,abstencion,abstencion,en contra ,en contra ,a favor 
1274,Magallanes,28,Elisa Amanda Giustinianovich Campos,Loncon,Loncon,Rojas,Rojas,Rojas,na,na,na,na,opción dos,opción uno,a favor,en contra,a favor,,en contra,a favor,a favor,en contra,a favor,en contra,en contra,en contra ,en contra ,a favor ,a favor ,en contra,en contra ,en contra ,a favor ,a favor ,en contra ,a favor ,en contra ,a favor ,a favor ,en contra ,a favor ,a favor ,a favor,a favor ,a favor ,a favor,a favor ,a favor,en contra ,en contra,en contra ,en contra ,en contra ,en contra ,en contra
1284,Arica,,Luis Alberto Jimenez Caceres,Loncon,Loncon,Dorador,Rojas,Rojas,na,na,na,na,opción dos,opción uno,a favor,abstencion,a favor,,en contra,a favor,a favor,en contra,a favor,en contra,a favor,en contra ,en contra ,a favor ,en contra ,en contra,en contra ,a favor ,a favor ,a favor ,en contra ,a favor ,en contra ,a favor ,a favor ,en contra ,a favor ,a favor ,a favor,a favor ,a favor ,a favor,a favor ,a favor,en contra ,abstencion,abstencion,a favor ,abstencion,a favor,en contra
1288,Tarapacá,,Wilfredo Manuel Bacian Delgado,Godoy,Godoy,Daza,Rojas,Bassa,na,na,na,na,opción dos,opción uno,a favor,en contra,a favor,,en contra,a favor,a favor,en contra,a favor,en contra,a favor,en contra ,en contra ,a favor ,a favor ,en contra,en contra ,en contra ,a favor ,a favor ,en contra ,a favor ,en contra ,a favor ,a favor ,en contra ,a favor ,a favor ,a favor,a favor ,a favor ,a favor,a favor ,a favor,abstencion,abstencion,a favor ,a favor ,en contra ,a favor,en contra
1296,Tarapacá,,Isabella Brunilda Mamani Mamani,Llanquileo,Loncon,Dorador,Rojas,Rojas,na,na,na,na,opción dos,opción uno,a favor,abstencion,a favor,,en contra,a favor,a favor,en contra,a favor,en contra,en contra,en contra ,en contra ,a favor ,a favor ,en contra,en contra ,en contra ,a favor ,a favor ,en contra ,a favor ,en contra ,a favor ,a favor ,a favor ,a favor ,a favor ,a favor,a favor ,a favor ,a favor,a favor ,a favor,abstencion,abstencion,abstencion,a favor ,en contra ,a favor,en contra
1299,Antofagasta,,Felix Galleguillos,Loncon,Loncon,Dorador,Rojas,Rojas,na,na,na,na,opción dos,opción uno,a favor,a favor,a favor,,en contra,a favor,a favor,en contra,a favor,en contra,a favor,en contra ,en contra ,a favor ,a favor ,en contra,en contra ,en contra ,a favor ,a favor ,en contra ,a favor ,en contra ,a favor ,a favor ,a favor ,a favor ,a favor ,a favor,a favor ,a favor ,a favor,a favor ,a favor,a favor ,a favor ,a favor ,a favor ,,a favor,en contra
1311,Atacama,,Isabel Selena Godoy Monardez,Godoy,,Rojas,Rojas,Bassa,na,na,na,na,opción dos,opción uno,a favor,a favor,a favor,,en contra,a favor,a favor,en contra,a favor,en contra,en contra,en contra ,en contra ,a favor ,a favor ,en contra,en contra ,en contra ,a favor ,a favor ,en contra ,a favor ,en contra ,a favor ,a favor ,en contra ,a favor ,a favor ,a favor,a favor ,a favor ,a favor,a favor ,a favor,abstencion,abstencion,a favor ,a favor ,en contra ,a favor,en contra
1323,Coquimbo,,Fernando Del Carmen Tirado Soto,Godoy,Loncon,Dorador,Rojas,Rojas,na,na,na,na,opción dos,opción uno,a favor,en contra,a favor,,en contra,a favor,a favor,en contra,a favor,en contra,a favor,en contra ,en contra ,a favor ,a favor,en contra,en contra ,en contra ,a favor ,a favor ,en contra ,a favor ,en contra ,a favor ,a favor ,en contra ,a favor ,a favor ,a favor,a favor ,a favor ,a favor,a favor ,a favor,abstencion,abstencion,a favor ,a favor ,en contra ,a favor,en contra
1324,Coquimbo,,Eric Chinga,Godoy,Godoy,Rojas,Rojas,Rojas,na,na,na,na,opción dos,opción uno,a favor,a favor,a favor,,en contra,a favor,a favor,en contra,a favor,en contra,en contra,en contra ,en contra ,a favor ,a favor ,en contra,en contra ,en contra ,a favor ,a favor ,en contra ,a favor ,en contra ,a favor ,a favor ,en contra ,a favor ,a favor ,a favor,a favor ,a favor ,a favor,a favor ,abstencion ,en contra ,abstencion,a favor ,a favor ,en contra ,a favor,en contra
1325,Valparaíso,,Tiare Maeva Carolina Aguilera Hey,Loncon,Loncon,Dorador,Bassa,Bassa,na,na,na,na,opción dos,opción uno,a favor,a favor,a favor,,en contra,a favor,a favor,en contra,a favor,en contra,en contra,en contra ,en contra ,a favor ,en contra ,en contra,en contra ,en contra ,a favor ,a favor ,en contra ,a favor ,en contra ,a favor ,a favor ,en contra ,a favor ,a favor ,a favor,a favor ,a favor ,a favor,a favor ,abstencion ,abstencion,abstencion,abstencion,a favor ,en contra ,a favor,en contra
1333,Metropolitana,,Elisa Loncon Antileo,Loncon,Loncon,Bassa,Bassa,Bassa,na,na,na,na,opción dos,opción uno,a favor,a favor,a favor,,en contra,a favor,a favor,en contra,a favor,en contra,en contra,en contra ,en contra ,a favor ,a favor ,en contra,en contra ,en contra ,a favor ,en contra ,en contra ,a favor ,en contra ,en contra ,,en contra ,a favor ,a favor ,a favor,a favor ,a favor ,a favor,a favor ,en contra ,abstencion,a favor ,a favor ,a favor ,abstencion,a favor,
1336,Bío-Bío,,Natividad Llanquileo Pilquiman,Godoy,,Rojas,Rojas,Rojas,na,na,na,na,opción dos,opción uno,a favor,abstencion,a favor,,en contra,a favor,a favor,en contra,a favor,en contra,en contra,en contra ,en contra ,a favor ,a favor ,en contra,en contra ,en contra ,a favor ,a favor ,en contra ,a favor ,en contra ,a favor ,a favor ,a favor ,a favor ,a favor ,a favor,a favor ,a favor ,a favor,a favor ,a favor,en contra ,abstencion,,a favor ,en contra ,a favor,en contra
1337,Bío-Bío,,Adolfo Millabur Ñancuil,Loncon,Loncon,Bassa,Bassa,Bassa,na,na,na,na,opción dos,opción uno,a favor,a favor,a favor,,en contra,a favor,a favor,en contra,a favor,en contra,a favor,en contra ,en contra ,a favor ,,en contra,en contra ,a favor ,a favor ,a favor ,en contra ,a favor ,en contra ,a favor ,a favor ,en contra ,a favor ,a favor ,a favor,a favor ,a favor ,a favor,a favor ,abstencion ,abstencion,abstencion,a favor ,a favor ,abstencion,a favor,en contra
1340,Araucanía,,Rosa Elizabeth Catrileo Arias,Loncon,Loncon,Bassa,Bassa,Bassa,na,na,na,na,opción dos,opción uno,a favor,en contra,a favor,,en contra,a favor,a favor,en contra,a favor,en contra,en contra,en contra ,en contra ,a favor ,a favor ,en contra,en contra ,en contra ,a favor ,a favor ,en contra ,a favor ,en contra ,a favor ,a favor ,en contra ,a favor ,a favor ,a favor,a favor ,a favor ,a favor,a favor ,a favor,abstencion,abstencion,a favor ,a favor ,en contra ,a favor,en contra
1346,Araucanía,,Francisca Linconao Huircapan,Loncon,Loncon,Bassa,Bassa,Bassa,na,na,na,na,opción dos,opción uno,a favor,a favor,a favor,,en contra,a favor,a favor,en contra,a favor,en contra,en contra,en contra ,en contra ,a favor ,a favor ,en contra,en contra ,en contra ,a favor ,,en contra ,a favor ,,,,,,,a favor,a favor ,a favor ,a favor,a favor ,a favor,a favor ,abstencion,a favor ,a favor ,abstencion,,abstencion
1358,Los Ríos,,Victorino Antilef,Loncon,Loncon,Bassa,Bassa,Bassa,na,na,na,na,opción dos,opción uno,a favor,,a favor,,en contra,a favor,a favor,en contra,a favor,en contra,en contra,en contra ,en contra ,a favor ,a favor ,en contra,en contra ,en contra ,a favor ,a favor ,en contra ,a favor ,en contra ,a favor ,a favor ,en contra ,a favor ,a favor ,a favor,a favor ,a favor ,a favor,a favor ,a favor,abstencion,abstencion,a favor ,a favor ,en contra ,a favor,en contra
1364,Los Lagos,,Alexis Caiguan,Loncon,Loncon,Bassa,Bassa,Bassa,na,na,na,na,opción dos,opción uno,a favor,a favor,a favor,,en contra,a favor,a favor,en contra,a favor,en contra,en contra,en contra ,en contra ,a favor ,a favor ,en contra,en contra ,en contra ,a favor ,a favor ,en contra ,a favor ,en contra ,a favor ,a favor ,a favor ,a favor ,a favor ,a favor,a favor ,a favor ,a favor,a favor ,a favor,a favor ,a favor ,a favor ,a favor ,en contra ,a favor,en contra
1369,Magallanes,,Lidia Gonzalez Calderon,Godoy,Loncon,Daza,Bassa,Bassa,na,na,na,na,opción dos,opción uno,a favor,a favor,a favor,,en contra,a favor,a favor,en contra,a favor,en contra,en contra,en contra ,en contra ,a favor ,a favor ,en contra,en contra ,en contra ,a favor ,a favor ,en contra ,a favor ,en contra ,a favor ,a favor ,a favor ,a favor ,a favor ,a favor,a favor ,a favor ,a favor,a favor ,a favor,abstencion,abstencion,a favor ,a favor ,en contra ,a favor,en contra
1373,Magallanes,,Margarita Vargas Lopez,Godoy,Godoy,Daza,Bassa,Bassa,na,na,na,na,opción dos,opción uno,a favor,a favor,a favor,,en contra,a favor,a favor,en contra,a favor,en contra,en contra,en contra ,en contra ,a favor ,a favor,en contra,en contra ,en contra ,a favor ,a favor ,en contra ,a favor ,en contra ,a favor ,a favor ,,a favor ,a favor ,a favor,a favor ,a favor ,a favor,a favor ,a favor,abstencion,a favor ,a favor ,a favor ,en contra ,a favor,en contra